page_url,page_title,data_key,data_value,created_at,original_url,keyword
https://gpsc.gujarat.gov.in/newseventdetail?NewsID=24630,"
	News & Event Details
",Year Range,2023-24,2025-11-17 06:11:48.314671,https://gpsc.gujarat.gov.in/newseventdetail?NewsID=24630,exam
https://gpsc.gujarat.gov.in/newseventdetail?NewsID=24630,"
	News & Event Details
",Advertisement Number,42-2023-24,2025-11-17 06:11:48.306743,https://gpsc.gujarat.gov.in/newseventdetail?NewsID=24630,exam
https://gpsc.gujarat.gov.in/newseventdetail?NewsID=24630,"
	News & Event Details
",Year Range,2022-23,2025-11-17 06:11:48.299333,https://gpsc.gujarat.gov.in/newseventdetail?NewsID=24630,exam
https://gpsc.gujarat.gov.in/newseventdetail?NewsID=24630,"
	News & Event Details
",Advertisement Number,20-2022-23,2025-11-17 06:11:48.29306,https://gpsc.gujarat.gov.in/newseventdetail?NewsID=24630,exam
https://gpsc.gujarat.gov.in/newseventdetail?NewsID=24630,"
	News & Event Details
",Year Range,2023-24,2025-11-17 06:11:48.286521,https://gpsc.gujarat.gov.in/newseventdetail?NewsID=24630,exam
https://gpsc.gujarat.gov.in/newseventdetail?NewsID=24630,"
	News & Event Details
",Advertisement Number,42-2023-24,2025-11-17 06:11:48.279897,https://gpsc.gujarat.gov.in/newseventdetail?NewsID=24630,exam
https://gpsc.gujarat.gov.in/newseventdetail?NewsID=24630,"
	News & Event Details
",Year Range,2022-23,2025-11-17 06:11:48.275204,https://gpsc.gujarat.gov.in/newseventdetail?NewsID=24630,exam
https://gpsc.gujarat.gov.in/newseventdetail?NewsID=24630,"
	News & Event Details
",Advertisement Number,20-2022-23,2025-11-17 06:11:48.266635,https://gpsc.gujarat.gov.in/newseventdetail?NewsID=24630,exam
https://gpsc.gujarat.gov.in/newseventdetail?NewsID=26187,"
	News & Event Details
",Year Range,2024-25,2025-11-17 06:11:32.81117,https://gpsc.gujarat.gov.in/newseventdetail?NewsID=26187,exam
https://gpsc.gujarat.gov.in/newseventdetail?NewsID=26187,"
	News & Event Details
",Year Range,2024-25,2025-11-17 06:11:32.803387,https://gpsc.gujarat.gov.in/newseventdetail?NewsID=26187,exam
https://gpsc.gujarat.gov.in/AdvertisementDetail?no=2178&tab=Exam,"
	GPSC
",Year Range,2024-25,2025-11-17 06:11:01.783434,https://gpsc.gujarat.gov.in/AdvertisementDetail?no=2178&tab=Exam,exam
https://gpsc.gujarat.gov.in/AdvertisementDetail?no=2178&tab=Exam,"
	GPSC
",Year Range,2024-25,2025-11-17 06:11:01.781198,https://gpsc.gujarat.gov.in/AdvertisementDetail?no=2178&tab=Exam,exam
https://gpsc.gujarat.gov.in/AdvertisementDetail?no=2178&tab=Exam,"
	GPSC
",Year Range,2024-25,2025-11-17 06:11:01.77966,https://gpsc.gujarat.gov.in/AdvertisementDetail?no=2178&tab=Exam,exam
https://gpsc.gujarat.gov.in/AdvertisementDetail?no=2178&tab=Exam,"
	GPSC
",Date,07-11-2025,2025-11-17 06:11:01.778027,https://gpsc.gujarat.gov.in/AdvertisementDetail?no=2178&tab=Exam,exam
https://gpsc.gujarat.gov.in/AdvertisementDetail?no=2178&tab=Exam,"
	GPSC
",Year Range,2024-25,2025-11-17 06:11:01.776322,https://gpsc.gujarat.gov.in/AdvertisementDetail?no=2178&tab=Exam,exam
https://gpsc.gujarat.gov.in/AdvertisementDetail?no=2178&tab=Exam,"
	GPSC
",Date,10-11-2025,2025-11-17 06:11:01.77386,https://gpsc.gujarat.gov.in/AdvertisementDetail?no=2178&tab=Exam,exam
https://gpsc.gujarat.gov.in/AdvertisementDetail?no=2178&tab=Exam,"
	GPSC
",Year Range,2024-25,2025-11-17 06:11:01.767498,https://gpsc.gujarat.gov.in/AdvertisementDetail?no=2178&tab=Exam,exam
https://gpsc.gujarat.gov.in/AdvertisementDetail?no=2178&tab=Exam,"
	GPSC
",Date,17-10-2025,2025-11-17 06:11:01.764308,https://gpsc.gujarat.gov.in/AdvertisementDetail?no=2178&tab=Exam,exam
https://gpsc.gujarat.gov.in/AdvertisementDetail?no=2178&tab=Exam,"
	GPSC
",Year Range,2024-25,2025-11-17 06:11:01.760815,https://gpsc.gujarat.gov.in/AdvertisementDetail?no=2178&tab=Exam,exam
https://gpsc.gujarat.gov.in/AdvertisementDetail?no=2178&tab=Exam,"
	GPSC
",Exam,Exam Syllabus (Prelim) - 229/2024-25 General Studies - SY-GS-123-202425.pdf,2025-11-17 06:11:01.755947,https://gpsc.gujarat.gov.in/AdvertisementDetail?no=2178&tab=Exam,exam
https://gpsc.gujarat.gov.in/AdvertisementDetail?no=2178&tab=Exam,"
	GPSC
",Year Range,2024-25,2025-11-17 06:11:01.753703,https://gpsc.gujarat.gov.in/AdvertisementDetail?no=2178&tab=Exam,exam
https://gpsc.gujarat.gov.in/AdvertisementDetail?no=2178&tab=Exam,"
	GPSC
",Exam,Exam Syllabus (Prelim) - 229/2024-25 - SY-182-229-202425.pdf,2025-11-17 06:11:01.747989,https://gpsc.gujarat.gov.in/AdvertisementDetail?no=2178&tab=Exam,exam
https://gpsc.gujarat.gov.in/AdvertisementDetail?no=2178&tab=Exam,"
	GPSC
",Date,11-03-2025,2025-11-17 06:11:01.746286,https://gpsc.gujarat.gov.in/AdvertisementDetail?no=2178&tab=Exam,exam
https://gpsc.gujarat.gov.in/AdvertisementDetail?no=2178&tab=Exam,"
	GPSC
",Date,26-05-2025,2025-11-17 06:11:01.744495,https://gpsc.gujarat.gov.in/AdvertisementDetail?no=2178&tab=Exam,exam
https://gpsc.gujarat.gov.in/AdvertisementDetail?no=2178&tab=Exam,"
	GPSC
",Year Range,2024-25,2025-11-17 06:11:01.737769,https://gpsc.gujarat.gov.in/AdvertisementDetail?no=2178&tab=Exam,exam
https://gpsc.gujarat.gov.in/AdvertisementDetail?no=2178&tab=Exam,"
	GPSC
",Exam,Ineligibility List (Prelim) - 229/2024-25 List of Ineligible Candidates with reason for Preliminary exam - LICP-229-202425.pdf,2025-11-17 06:11:01.734175,https://gpsc.gujarat.gov.in/AdvertisementDetail?no=2178&tab=Exam,exam
https://gpsc.gujarat.gov.in/AdvertisementDetail?no=2178&tab=Exam,"
	GPSC
",Date,02-07-2025,2025-11-17 06:11:01.73129,https://gpsc.gujarat.gov.in/AdvertisementDetail?no=2178&tab=Exam,exam
https://gpsc.gujarat.gov.in/AdvertisementDetail?no=2178&tab=Exam,"
	GPSC
",Year Range,2024-25,2025-11-17 06:11:01.729533,https://gpsc.gujarat.gov.in/AdvertisementDetail?no=2178&tab=Exam,exam
https://gpsc.gujarat.gov.in/AdvertisementDetail?no=2178&tab=Exam,"
	GPSC
",Date,19-09-2025,2025-11-17 06:11:01.727958,https://gpsc.gujarat.gov.in/AdvertisementDetail?no=2178&tab=Exam,exam
https://gpsc.gujarat.gov.in/AdvertisementDetail?no=2178&tab=Exam,"
	GPSC
",Year Range,2024-25,2025-11-17 06:11:01.726399,https://gpsc.gujarat.gov.in/AdvertisementDetail?no=2178&tab=Exam,exam
https://gpsc.gujarat.gov.in/AdvertisementDetail?no=2178&tab=Exam,"
	GPSC
",Year Range,2024-25,2025-11-17 06:11:01.724258,https://gpsc.gujarat.gov.in/AdvertisementDetail?no=2178&tab=Exam,exam
https://gpsc.gujarat.gov.in/AdvertisementDetail?no=2178&tab=Exam,"
	GPSC
",Year Range,2024-25,2025-11-17 06:11:01.721391,https://gpsc.gujarat.gov.in/AdvertisementDetail?no=2178&tab=Exam,exam
https://gpsc.gujarat.gov.in/AdvertisementDetail?no=2178&tab=Exam,"
	GPSC
",Date,18-09-2025,2025-11-17 06:11:01.717273,https://gpsc.gujarat.gov.in/AdvertisementDetail?no=2178&tab=Exam,exam
https://gpsc.gujarat.gov.in/AdvertisementDetail?no=2178&tab=Exam,"
	GPSC
",Date,17-10-2025,2025-11-17 06:11:01.714038,https://gpsc.gujarat.gov.in/AdvertisementDetail?no=2178&tab=Exam,exam
https://gpsc.gujarat.gov.in/AdvertisementDetail?no=2178&tab=Exam,"
	GPSC
",Year Range,2024-25,2025-11-17 06:11:01.712391,https://gpsc.gujarat.gov.in/AdvertisementDetail?no=2178&tab=Exam,exam
https://gpsc.gujarat.gov.in/AdvertisementDetail?no=2178&tab=Exam,"
	GPSC
",Year Range,2024-25,2025-11-17 06:11:01.710929,https://gpsc.gujarat.gov.in/AdvertisementDetail?no=2178&tab=Exam,exam
https://gpsc.gujarat.gov.in/AdvertisementDetail?no=2178&tab=Exam,"
	GPSC
",Year Range,2024-25,2025-11-17 06:11:01.708763,https://gpsc.gujarat.gov.in/AdvertisementDetail?no=2178&tab=Exam,exam
https://gpsc.gujarat.gov.in/AdvertisementDetail?no=2178&tab=Exam,"
	GPSC
",Date,15-11-2025,2025-11-17 06:11:01.706752,https://gpsc.gujarat.gov.in/AdvertisementDetail?no=2178&tab=Exam,exam
https://gpsc.gujarat.gov.in/AdvertisementDetail?no=2178&tab=Exam,"
	GPSC
",Year Range,2024-25,2025-11-17 06:11:01.702285,https://gpsc.gujarat.gov.in/AdvertisementDetail?no=2178&tab=Exam,exam
https://gpsc.gujarat.gov.in/AdvertisementDetail?no=2178&tab=Exam,"
	GPSC
",Date,28-02-2025,2025-11-17 06:11:01.699196,https://gpsc.gujarat.gov.in/AdvertisementDetail?no=2178&tab=Exam,exam
https://gpsc.gujarat.gov.in/AdvertisementDetail?no=2178&tab=Exam,"
	GPSC
",Year Range,2024-25,2025-11-17 06:11:01.697053,https://gpsc.gujarat.gov.in/AdvertisementDetail?no=2178&tab=Exam,exam
https://gpsc.gujarat.gov.in/AdvertisementDetail?no=2178&tab=Exam,"
	GPSC
",Date,06-07-2019,2025-11-17 06:11:01.693369,https://gpsc.gujarat.gov.in/AdvertisementDetail?no=2178&tab=Exam,exam
https://gpsc.gujarat.gov.in/AdvertisementDetail?no=2178&tab=Exam,"
	GPSC
",Date,06-07-2019,2025-11-17 06:11:01.691213,https://gpsc.gujarat.gov.in/AdvertisementDetail?no=2178&tab=Exam,exam
https://gpsc.gujarat.gov.in/AdvertisementDetail?no=2178&tab=Exam,"
	GPSC
",Year Range,2024-25,2025-11-17 06:11:01.688709,https://gpsc.gujarat.gov.in/AdvertisementDetail?no=2178&tab=Exam,exam
https://gpsc.gujarat.gov.in/AdvertisementDetail?no=2178&tab=Exam,"
	GPSC
",Year Range,2024-25,2025-11-17 06:11:01.682211,https://gpsc.gujarat.gov.in/AdvertisementDetail?no=2178&tab=Exam,exam
https://gpsc.gujarat.gov.in/AdvertisementDetail?no=2178&tab=Exam,"
	GPSC
",Exam,Advertisement - 229/2024-25 Important Notice regarding date of the Preliminary Exam for the Common General Studies Paper - INEX-27042025.pdf,2025-11-17 06:11:01.678982,https://gpsc.gujarat.gov.in/AdvertisementDetail?no=2178&tab=Exam,exam
https://gpsc.gujarat.gov.in/AdvertisementDetail?no=2178&tab=Exam,"
	GPSC
",Date,05-06-2025,2025-11-17 06:11:01.677578,https://gpsc.gujarat.gov.in/AdvertisementDetail?no=2178&tab=Exam,exam
https://gpsc.gujarat.gov.in/AdvertisementDetail?no=2178&tab=Exam,"
	GPSC
",Date,05-06-2025,2025-11-17 06:11:01.675872,https://gpsc.gujarat.gov.in/AdvertisementDetail?no=2178&tab=Exam,exam
https://gpsc.gujarat.gov.in/AdvertisementDetail?no=2178&tab=Exam,"
	GPSC
",Year Range,2024-25,2025-11-17 06:11:01.673672,https://gpsc.gujarat.gov.in/AdvertisementDetail?no=2178&tab=Exam,exam
https://gpsc.gujarat.gov.in/AdvertisementDetail?no=2178&tab=Exam,"
	GPSC
",Year Range,2024-25,2025-11-17 06:11:01.66821,https://gpsc.gujarat.gov.in/AdvertisementDetail?no=2178&tab=Exam,exam
https://gpsc.gujarat.gov.in/AdvertisementDetail?no=2178&tab=Exam,"
	GPSC
",Date,28-02-2025,2025-11-17 06:11:01.663175,https://gpsc.gujarat.gov.in/AdvertisementDetail?no=2178&tab=Exam,exam
https://gpsc.gujarat.gov.in/AdvertisementDetail?no=2178&tab=Exam,"
	GPSC
",Date,02-04-2025,2025-11-17 06:11:01.66147,https://gpsc.gujarat.gov.in/AdvertisementDetail?no=2178&tab=Exam,exam
https://gpsc.gujarat.gov.in/AdvertisementDetail?no=2178&tab=Exam,"
	GPSC
",Date,06-06-2025,2025-11-17 06:11:01.659512,https://gpsc.gujarat.gov.in/AdvertisementDetail?no=2178&tab=Exam,exam
https://gpsc.gujarat.gov.in/AdvertisementDetail?no=2178&tab=Exam,"
	GPSC
",Date,08-08-2025,2025-11-17 06:11:01.657077,https://gpsc.gujarat.gov.in/AdvertisementDetail?no=2178&tab=Exam,exam
https://gpsc.gujarat.gov.in/AdvertisementDetail?no=2178&tab=Exam,"
	GPSC
",Year Range,2024-25,2025-11-17 06:11:01.634366,https://gpsc.gujarat.gov.in/AdvertisementDetail?no=2178&tab=Exam,exam
https://gpsc.gujarat.gov.in/AdvertisementDetail?no=2178&tab=Exam,"
	GPSC
",Advertisement Number,229/2024-25,2025-11-17 06:11:01.631256,https://gpsc.gujarat.gov.in/AdvertisementDetail?no=2178&tab=Exam,exam
https://gpsc.gujarat.gov.in/AdvertisementDetail?no=2027&tab=Advertisement,"
	GPSC
",Year Range,2024-25,2025-11-17 06:10:46.161919,https://gpsc.gujarat.gov.in/AdvertisementDetail?no=2027&tab=Advertisement,exam
https://gpsc.gujarat.gov.in/AdvertisementDetail?no=2027&tab=Advertisement,"
	GPSC
",Date,15-09-2025,2025-11-17 06:10:46.160529,https://gpsc.gujarat.gov.in/AdvertisementDetail?no=2027&tab=Advertisement,exam
https://gpsc.gujarat.gov.in/AdvertisementDetail?no=2027&tab=Advertisement,"
	GPSC
",Year Range,2024-25,2025-11-17 06:10:46.157822,https://gpsc.gujarat.gov.in/AdvertisementDetail?no=2027&tab=Advertisement,exam
https://gpsc.gujarat.gov.in/AdvertisementDetail?no=2027&tab=Advertisement,"
	GPSC
",Year Range,2024-25,2025-11-17 06:10:46.156626,https://gpsc.gujarat.gov.in/AdvertisementDetail?no=2027&tab=Advertisement,exam
https://gpsc.gujarat.gov.in/AdvertisementDetail?no=2027&tab=Advertisement,"
	GPSC
",Exam,Exam Syllabus (Prelim) - 78/2024-25 Updated Prelim Exam Syllabus - INSY-78-2024-25.pdf,2025-11-17 06:10:46.154176,https://gpsc.gujarat.gov.in/AdvertisementDetail?no=2027&tab=Advertisement,exam
https://gpsc.gujarat.gov.in/AdvertisementDetail?no=2027&tab=Advertisement,"
	GPSC
",Date,21-02-2025,2025-11-17 06:10:46.152892,https://gpsc.gujarat.gov.in/AdvertisementDetail?no=2027&tab=Advertisement,exam
https://gpsc.gujarat.gov.in/AdvertisementDetail?no=2027&tab=Advertisement,"
	GPSC
",Year Range,2024-25,2025-11-17 06:10:46.149726,https://gpsc.gujarat.gov.in/AdvertisementDetail?no=2027&tab=Advertisement,exam
https://gpsc.gujarat.gov.in/AdvertisementDetail?no=2027&tab=Advertisement,"
	GPSC
",Year Range,2024-25,2025-11-17 06:10:46.147819,https://gpsc.gujarat.gov.in/AdvertisementDetail?no=2027&tab=Advertisement,exam
https://gpsc.gujarat.gov.in/AdvertisementDetail?no=2027&tab=Advertisement,"
	GPSC
",Date,06-05-2025,2025-11-17 06:10:46.146617,https://gpsc.gujarat.gov.in/AdvertisementDetail?no=2027&tab=Advertisement,exam
https://gpsc.gujarat.gov.in/AdvertisementDetail?no=2027&tab=Advertisement,"
	GPSC
",Date,13-05-2025,2025-11-17 06:10:46.14543,https://gpsc.gujarat.gov.in/AdvertisementDetail?no=2027&tab=Advertisement,exam
https://gpsc.gujarat.gov.in/AdvertisementDetail?no=2027&tab=Advertisement,"
	GPSC
",Year Range,2024-25,2025-11-17 06:10:46.144232,https://gpsc.gujarat.gov.in/AdvertisementDetail?no=2027&tab=Advertisement,exam
https://gpsc.gujarat.gov.in/AdvertisementDetail?no=2027&tab=Advertisement,"
	GPSC
",Year Range,2024-25,2025-11-17 06:10:46.143018,https://gpsc.gujarat.gov.in/AdvertisementDetail?no=2027&tab=Advertisement,exam
https://gpsc.gujarat.gov.in/AdvertisementDetail?no=2027&tab=Advertisement,"
	GPSC
",Date,15-05-2025,2025-11-17 06:10:46.141778,https://gpsc.gujarat.gov.in/AdvertisementDetail?no=2027&tab=Advertisement,exam
https://gpsc.gujarat.gov.in/AdvertisementDetail?no=2027&tab=Advertisement,"
	GPSC
",Date,04-06-2025,2025-11-17 06:10:46.140475,https://gpsc.gujarat.gov.in/AdvertisementDetail?no=2027&tab=Advertisement,exam
https://gpsc.gujarat.gov.in/AdvertisementDetail?no=2027&tab=Advertisement,"
	GPSC
",Date,04-08-2025,2025-11-17 06:10:46.13918,https://gpsc.gujarat.gov.in/AdvertisementDetail?no=2027&tab=Advertisement,exam
https://gpsc.gujarat.gov.in/AdvertisementDetail?no=2027&tab=Advertisement,"
	GPSC
",Date,04-08-2025,2025-11-17 06:10:46.137747,https://gpsc.gujarat.gov.in/AdvertisementDetail?no=2027&tab=Advertisement,exam
https://gpsc.gujarat.gov.in/AdvertisementDetail?no=2027&tab=Advertisement,"
	GPSC
",Year Range,2024-25,2025-11-17 06:10:46.136352,https://gpsc.gujarat.gov.in/AdvertisementDetail?no=2027&tab=Advertisement,exam
https://gpsc.gujarat.gov.in/AdvertisementDetail?no=2027&tab=Advertisement,"
	GPSC
",Year Range,2024-25,2025-11-17 06:10:46.134805,https://gpsc.gujarat.gov.in/AdvertisementDetail?no=2027&tab=Advertisement,exam
https://gpsc.gujarat.gov.in/AdvertisementDetail?no=2027&tab=Advertisement,"
	GPSC
",Year Range,2024-25,2025-11-17 06:10:46.132998,https://gpsc.gujarat.gov.in/AdvertisementDetail?no=2027&tab=Advertisement,exam
https://gpsc.gujarat.gov.in/AdvertisementDetail?no=2027&tab=Advertisement,"
	GPSC
",Date,04-08-2025,2025-11-17 06:10:46.131128,https://gpsc.gujarat.gov.in/AdvertisementDetail?no=2027&tab=Advertisement,exam
https://gpsc.gujarat.gov.in/AdvertisementDetail?no=2027&tab=Advertisement,"
	GPSC
",Date,15-09-2025,2025-11-17 06:10:46.129576,https://gpsc.gujarat.gov.in/AdvertisementDetail?no=2027&tab=Advertisement,exam
https://gpsc.gujarat.gov.in/AdvertisementDetail?no=2027&tab=Advertisement,"
	GPSC
",Year Range,2024-25,2025-11-17 06:10:46.126758,https://gpsc.gujarat.gov.in/AdvertisementDetail?no=2027&tab=Advertisement,exam
https://gpsc.gujarat.gov.in/AdvertisementDetail?no=2027&tab=Advertisement,"
	GPSC
",Exam,Schedule (Main) - 78/2024-25 Important Notice Regarding Exam Schedule of Mains Written Examination - INDME-78-202425.pdf,2025-11-17 06:10:46.124958,https://gpsc.gujarat.gov.in/AdvertisementDetail?no=2027&tab=Advertisement,exam
https://gpsc.gujarat.gov.in/AdvertisementDetail?no=2027&tab=Advertisement,"
	GPSC
",Date,16-10-2025,2025-11-17 06:10:46.123694,https://gpsc.gujarat.gov.in/AdvertisementDetail?no=2027&tab=Advertisement,exam
https://gpsc.gujarat.gov.in/AdvertisementDetail?no=2027&tab=Advertisement,"
	GPSC
",Year Range,2024-25,2025-11-17 06:10:46.122417,https://gpsc.gujarat.gov.in/AdvertisementDetail?no=2027&tab=Advertisement,exam
https://gpsc.gujarat.gov.in/AdvertisementDetail?no=2027&tab=Advertisement,"
	GPSC
",Date,15-11-2025,2025-11-17 06:10:46.120924,https://gpsc.gujarat.gov.in/AdvertisementDetail?no=2027&tab=Advertisement,exam
https://gpsc.gujarat.gov.in/AdvertisementDetail?no=2027&tab=Advertisement,"
	GPSC
",Year Range,2024-25,2025-11-17 06:10:46.117421,https://gpsc.gujarat.gov.in/AdvertisementDetail?no=2027&tab=Advertisement,exam
https://gpsc.gujarat.gov.in/AdvertisementDetail?no=2027&tab=Advertisement,"
	GPSC
",Date,14-11-2024,2025-11-17 06:10:46.115583,https://gpsc.gujarat.gov.in/AdvertisementDetail?no=2027&tab=Advertisement,exam
https://gpsc.gujarat.gov.in/AdvertisementDetail?no=2027&tab=Advertisement,"
	GPSC
",Year Range,2024-25,2025-11-17 06:10:46.113971,https://gpsc.gujarat.gov.in/AdvertisementDetail?no=2027&tab=Advertisement,exam
https://gpsc.gujarat.gov.in/AdvertisementDetail?no=2027&tab=Advertisement,"
	GPSC
",Exam,Advertisement - 78/2024-25 Examination Rules - ER-78-202425.pdf,2025-11-17 06:10:46.111369,https://gpsc.gujarat.gov.in/AdvertisementDetail?no=2027&tab=Advertisement,exam
https://gpsc.gujarat.gov.in/AdvertisementDetail?no=2027&tab=Advertisement,"
	GPSC
",Year Range,2024-25,2025-11-17 06:10:46.109978,https://gpsc.gujarat.gov.in/AdvertisementDetail?no=2027&tab=Advertisement,exam
https://gpsc.gujarat.gov.in/AdvertisementDetail?no=2027&tab=Advertisement,"
	GPSC
",Year Range,2024-25,2025-11-17 06:10:46.107642,https://gpsc.gujarat.gov.in/AdvertisementDetail?no=2027&tab=Advertisement,exam
https://gpsc.gujarat.gov.in/AdvertisementDetail?no=2027&tab=Advertisement,"
	GPSC
",Exam,Advertisement - 78/2024-25 Syllabus (Prelim & Mains Examination) - SY-78-202425.pdf,2025-11-17 06:10:46.105084,https://gpsc.gujarat.gov.in/AdvertisementDetail?no=2027&tab=Advertisement,exam
https://gpsc.gujarat.gov.in/AdvertisementDetail?no=2027&tab=Advertisement,"
	GPSC
",Year Range,2024-25,2025-11-17 06:10:46.103895,https://gpsc.gujarat.gov.in/AdvertisementDetail?no=2027&tab=Advertisement,exam
https://gpsc.gujarat.gov.in/AdvertisementDetail?no=2027&tab=Advertisement,"
	GPSC
",Year Range,2024-25,2025-11-17 06:10:46.101071,https://gpsc.gujarat.gov.in/AdvertisementDetail?no=2027&tab=Advertisement,exam
https://gpsc.gujarat.gov.in/AdvertisementDetail?no=2027&tab=Advertisement,"
	GPSC
",Year Range,2024-25,2025-11-17 06:10:46.097217,https://gpsc.gujarat.gov.in/AdvertisementDetail?no=2027&tab=Advertisement,exam
https://gpsc.gujarat.gov.in/AdvertisementDetail?no=2027&tab=Advertisement,"
	GPSC
",Year Range,2024-25,2025-11-17 06:10:46.094395,https://gpsc.gujarat.gov.in/AdvertisementDetail?no=2027&tab=Advertisement,exam
https://gpsc.gujarat.gov.in/AdvertisementDetail?no=2027&tab=Advertisement,"
	GPSC
",Year Range,2024-25,2025-11-17 06:10:46.091582,https://gpsc.gujarat.gov.in/AdvertisementDetail?no=2027&tab=Advertisement,exam
https://gpsc.gujarat.gov.in/AdvertisementDetail?no=2027&tab=Advertisement,"
	GPSC
",Exam,Advertisement - 78/2024-25 Important Notice Regarding Mains Exam Form Filling and Document Upload - INMFDU-78-202425.pdf,2025-11-17 06:10:46.088622,https://gpsc.gujarat.gov.in/AdvertisementDetail?no=2027&tab=Advertisement,exam
https://gpsc.gujarat.gov.in/AdvertisementDetail?no=2027&tab=Advertisement,"
	GPSC
",Date,14-10-2025,2025-11-17 06:10:46.087116,https://gpsc.gujarat.gov.in/AdvertisementDetail?no=2027&tab=Advertisement,exam
https://gpsc.gujarat.gov.in/AdvertisementDetail?no=2027&tab=Advertisement,"
	GPSC
",Date,14-10-2025,2025-11-17 06:10:46.085629,https://gpsc.gujarat.gov.in/AdvertisementDetail?no=2027&tab=Advertisement,exam
https://gpsc.gujarat.gov.in/AdvertisementDetail?no=2027&tab=Advertisement,"
	GPSC
",Year Range,2024-25,2025-11-17 06:10:46.084049,https://gpsc.gujarat.gov.in/AdvertisementDetail?no=2027&tab=Advertisement,exam
https://gpsc.gujarat.gov.in/AdvertisementDetail?no=2027&tab=Advertisement,"
	GPSC
",Year Range,2024-25,2025-11-17 06:10:46.082341,https://gpsc.gujarat.gov.in/AdvertisementDetail?no=2027&tab=Advertisement,exam
https://gpsc.gujarat.gov.in/AdvertisementDetail?no=2027&tab=Advertisement,"
	GPSC
",Advertisement Number,77/2024-25,2025-11-17 06:10:46.080768,https://gpsc.gujarat.gov.in/AdvertisementDetail?no=2027&tab=Advertisement,exam
https://gpsc.gujarat.gov.in/AdvertisementDetail?no=2027&tab=Advertisement,"
	GPSC
",Year Range,2024-25,2025-11-17 06:10:46.079351,https://gpsc.gujarat.gov.in/AdvertisementDetail?no=2027&tab=Advertisement,exam
https://gpsc.gujarat.gov.in/AdvertisementDetail?no=2027&tab=Advertisement,"
	GPSC
",Exam,"Advertisement - 78/2024-25 Important Notice Regarding Dates of Mains Written Examination of Advt no. 77/2024-25, 51/2024-25, 126/2024-25, 78/2024-25, 136/2024-25, 114/2024-25, 135/2024-25 - INMWED-14-10-2025.pdf",2025-11-17 06:10:46.076624,https://gpsc.gujarat.gov.in/AdvertisementDetail?no=2027&tab=Advertisement,exam
https://gpsc.gujarat.gov.in/AdvertisementDetail?no=2027&tab=Advertisement,"
	GPSC
",Date,14-11-2024,2025-11-17 06:10:46.075084,https://gpsc.gujarat.gov.in/AdvertisementDetail?no=2027&tab=Advertisement,exam
https://gpsc.gujarat.gov.in/AdvertisementDetail?no=2027&tab=Advertisement,"
	GPSC
",Date,22-11-2024,2025-11-17 06:10:46.073695,https://gpsc.gujarat.gov.in/AdvertisementDetail?no=2027&tab=Advertisement,exam
https://gpsc.gujarat.gov.in/AdvertisementDetail?no=2027&tab=Advertisement,"
	GPSC
",Date,20-03-2025,2025-11-17 06:10:46.072251,https://gpsc.gujarat.gov.in/AdvertisementDetail?no=2027&tab=Advertisement,exam
https://gpsc.gujarat.gov.in/AdvertisementDetail?no=2027&tab=Advertisement,"
	GPSC
",Date,28-03-2025,2025-11-17 06:10:46.070632,https://gpsc.gujarat.gov.in/AdvertisementDetail?no=2027&tab=Advertisement,exam
https://gpsc.gujarat.gov.in/AdvertisementDetail?no=2027&tab=Advertisement,"
	GPSC
",Date,16-05-2025,2025-11-17 06:10:46.069098,https://gpsc.gujarat.gov.in/AdvertisementDetail?no=2027&tab=Advertisement,exam
https://gpsc.gujarat.gov.in/AdvertisementDetail?no=2027&tab=Advertisement,"
	GPSC
",Date,20-06-2025,2025-11-17 06:10:46.067497,https://gpsc.gujarat.gov.in/AdvertisementDetail?no=2027&tab=Advertisement,exam
https://gpsc.gujarat.gov.in/AdvertisementDetail?no=2027&tab=Advertisement,"
	GPSC
",Date,16-09-2025,2025-11-17 06:10:46.065764,https://gpsc.gujarat.gov.in/AdvertisementDetail?no=2027&tab=Advertisement,exam
https://gpsc.gujarat.gov.in/AdvertisementDetail?no=2027&tab=Advertisement,"
	GPSC
",Date,14-10-2025,2025-11-17 06:10:46.0643,https://gpsc.gujarat.gov.in/AdvertisementDetail?no=2027&tab=Advertisement,exam
https://gpsc.gujarat.gov.in/AdvertisementDetail?no=2027&tab=Advertisement,"
	GPSC
",Year Range,2024-25,2025-11-17 06:10:46.047365,https://gpsc.gujarat.gov.in/AdvertisementDetail?no=2027&tab=Advertisement,exam
https://gpsc.gujarat.gov.in/AdvertisementDetail?no=2027&tab=Advertisement,"
	GPSC
",Advertisement Number,78/2024-25,2025-11-17 06:10:46.04576,https://gpsc.gujarat.gov.in/AdvertisementDetail?no=2027&tab=Advertisement,exam
https://gpsc.gujarat.gov.in/newseventdetail?NewsID=26174,"
	News & Event Details
",Year Range,2024-25,2025-11-17 06:10:30.515823,https://gpsc.gujarat.gov.in/newseventdetail?NewsID=26174,exam
https://gpsc.gujarat.gov.in/Documents/AdvertismentDocument/LECI-SD-DILR.pdf,Document: LECI-SD-DILR.pdf,Date,23/03/2025,2025-11-17 06:10:13.370937,https://gpsc.gujarat.gov.in/default.aspx,exam
https://gpsc.gujarat.gov.in/Documents/AdvertismentDocument/LECI-SD-DILR.pdf,Document: LECI-SD-DILR.pdf,Date,19/03/2025,2025-11-17 06:10:13.357151,https://gpsc.gujarat.gov.in/default.aspx,exam
https://gpsc.gujarat.gov.in/Documents/AdvertismentDocument/INCDU-04-11-2025.pdf,Document: INCDU-04-11-2025.pdf,Date,૦૪-૧૧-૨૦૨૫,2025-11-17 06:10:12.634839,https://gpsc.gujarat.gov.in/default.aspx,exam
https://gpsc.gujarat.gov.in/Documents/AdvertismentDocument/INCDU-04-11-2025.pdf,Document: INCDU-04-11-2025.pdf,Date,૨૭/૧૧/૨૦૨૫,2025-11-17 06:10:12.628219,https://gpsc.gujarat.gov.in/default.aspx,exam
https://gpsc.gujarat.gov.in/Documents/AdvertismentDocument/INCDU-04-11-2025.pdf,Document: INCDU-04-11-2025.pdf,Date,૦૭/૧૨/૨૦૨૫,2025-11-17 06:10:12.626968,https://gpsc.gujarat.gov.in/default.aspx,exam
https://gpsc.gujarat.gov.in/Documents/AdvertismentDocument/INCDU-04-11-2025.pdf,Document: INCDU-04-11-2025.pdf,Date,૧૩/૧૧/૨૦૨૫,2025-11-17 06:10:12.625597,https://gpsc.gujarat.gov.in/default.aspx,exam
https://gpsc.gujarat.gov.in/Documents/AdvertismentDocument/INCDU-04-11-2025.pdf,Document: INCDU-04-11-2025.pdf,Date,૨૪/૧૧/૨૦૨૫,2025-11-17 06:10:12.624121,https://gpsc.gujarat.gov.in/default.aspx,exam
https://gpsc.gujarat.gov.in/Documents/AdvertismentDocument/INCDU-04-11-2025.pdf,Document: INCDU-04-11-2025.pdf,Date,૨૩/૧૧/૨૦૨૫,2025-11-17 06:10:12.622238,https://gpsc.gujarat.gov.in/default.aspx,exam
https://gpsc.gujarat.gov.in/Documents/AdvertismentDocument/INCDU-04-11-2025.pdf,Document: INCDU-04-11-2025.pdf,Date,૧૩/૧૧/૨૦૨૫,2025-11-17 06:10:12.619646,https://gpsc.gujarat.gov.in/default.aspx,exam
https://gpsc.gujarat.gov.in/Documents/AdvertismentDocument/INCDU-04-11-2025.pdf,Document: INCDU-04-11-2025.pdf,Date,૨૪/૧૧/૨૦૨૫,2025-11-17 06:10:12.617106,https://gpsc.gujarat.gov.in/default.aspx,exam
https://gpsc.gujarat.gov.in/Documents/AdvertismentDocument/INCDU-04-11-2025.pdf,Document: INCDU-04-11-2025.pdf,Date,૨૩/૧૧/૨૦૨૫,2025-11-17 06:10:12.614322,https://gpsc.gujarat.gov.in/default.aspx,exam
https://gpsc.gujarat.gov.in/Documents/AdvertismentDocument/INCDU-04-11-2025.pdf,Document: INCDU-04-11-2025.pdf,Date,૧૩/૧૧/૨૦૨૫,2025-11-17 06:10:12.612696,https://gpsc.gujarat.gov.in/default.aspx,exam
https://gpsc.gujarat.gov.in/Documents/AdvertismentDocument/INCDU-04-11-2025.pdf,Document: INCDU-04-11-2025.pdf,Date,૨૪/૧૧/૨૦૨૫,2025-11-17 06:10:12.611336,https://gpsc.gujarat.gov.in/default.aspx,exam
https://gpsc.gujarat.gov.in/Documents/AdvertismentDocument/INCDU-04-11-2025.pdf,Document: INCDU-04-11-2025.pdf,Date,૨૩/૧૧/૨૦૨૫,2025-11-17 06:10:12.609884,https://gpsc.gujarat.gov.in/default.aspx,exam
https://gpsc.gujarat.gov.in/Documents/AdvertismentDocument/INCDU-04-11-2025.pdf,Document: INCDU-04-11-2025.pdf,Date,૧૩/૧૧/૨૦૨૫,2025-11-17 06:10:12.608447,https://gpsc.gujarat.gov.in/default.aspx,exam
https://gpsc.gujarat.gov.in/Documents/AdvertismentDocument/INCDU-04-11-2025.pdf,Document: INCDU-04-11-2025.pdf,Date,૨૪/૧૧/૨૦૨૫,2025-11-17 06:10:12.606852,https://gpsc.gujarat.gov.in/default.aspx,exam
https://gpsc.gujarat.gov.in/Documents/AdvertismentDocument/INCDU-04-11-2025.pdf,Document: INCDU-04-11-2025.pdf,Date,૨૩/૧૧/૨૦૨૫,2025-11-17 06:10:12.604594,https://gpsc.gujarat.gov.in/default.aspx,exam
https://gpsc.gujarat.gov.in/Documents/AdvertismentDocument/INCDU-04-11-2025.pdf,Document: INCDU-04-11-2025.pdf,Date,૧૩/૧૧/૨૦૨૫,2025-11-17 06:10:12.602011,https://gpsc.gujarat.gov.in/default.aspx,exam
https://gpsc.gujarat.gov.in/Documents/AdvertismentDocument/INCDU-04-11-2025.pdf,Document: INCDU-04-11-2025.pdf,Date,૨૬/૧૧/૨૦૨૫,2025-11-17 06:10:12.597616,https://gpsc.gujarat.gov.in/default.aspx,exam
https://gpsc.gujarat.gov.in/Documents/AdvertismentDocument/INCDU-04-11-2025.pdf,Document: INCDU-04-11-2025.pdf,Date,૨૩/૧૧/૨૦૨૫,2025-11-17 06:10:12.595454,https://gpsc.gujarat.gov.in/default.aspx,exam
https://gpsc.gujarat.gov.in/Documents/AdvertismentDocument/INCDU-04-11-2025.pdf,Document: INCDU-04-11-2025.pdf,Date,૧૩/૧૧/૨૦૨૫,2025-11-17 06:10:12.593182,https://gpsc.gujarat.gov.in/default.aspx,exam
https://gpsc.gujarat.gov.in/Documents/AdvertismentDocument/INCDU-04-11-2025.pdf,Document: INCDU-04-11-2025.pdf,Date,૨૩/૧૧/૨૦૨૫,2025-11-17 06:10:12.591777,https://gpsc.gujarat.gov.in/default.aspx,exam
https://gpsc.gujarat.gov.in/Documents/AdvertismentDocument/INCDU-04-11-2025.pdf,Document: INCDU-04-11-2025.pdf,Date,૧૩/૧૧/૨૦૨૫,2025-11-17 06:10:12.590318,https://gpsc.gujarat.gov.in/default.aspx,exam
https://gpsc.gujarat.gov.in/Documents/AdvertismentDocument/INCDU-04-11-2025.pdf,Document: INCDU-04-11-2025.pdf,Date,૨૪/૧૧/૨૦૨૫,2025-11-17 06:10:12.588129,https://gpsc.gujarat.gov.in/default.aspx,exam
https://gpsc.gujarat.gov.in/Documents/AdvertismentDocument/INCDU-04-11-2025.pdf,Document: INCDU-04-11-2025.pdf,Date,૨૩/૧૧/૨૦૨૫,2025-11-17 06:10:12.585428,https://gpsc.gujarat.gov.in/default.aspx,exam
https://gpsc.gujarat.gov.in/Documents/AdvertismentDocument/INCDU-04-11-2025.pdf,Document: INCDU-04-11-2025.pdf,Date,૨૦/૧૧/૨૦૨૫,2025-11-17 06:10:12.58098,https://gpsc.gujarat.gov.in/default.aspx,exam
https://gpsc.gujarat.gov.in/Documents/AdvertismentDocument/INCDU-04-11-2025.pdf,Document: INCDU-04-11-2025.pdf,Date,૧૦/૧૧/૨૦૨૫,2025-11-17 06:10:12.579331,https://gpsc.gujarat.gov.in/default.aspx,exam
https://gpsc.gujarat.gov.in/Documents/AdvertismentDocument/INCDU-04-11-2025.pdf,Document: INCDU-04-11-2025.pdf,Date,૨૦/૧૧/૨૦૨૫,2025-11-17 06:10:12.577893,https://gpsc.gujarat.gov.in/default.aspx,exam
https://gpsc.gujarat.gov.in/Documents/AdvertismentDocument/INCDU-04-11-2025.pdf,Document: INCDU-04-11-2025.pdf,Date,૧૦/૧૧/૨૦૨૫,2025-11-17 06:10:12.576277,https://gpsc.gujarat.gov.in/default.aspx,exam
https://gpsc.gujarat.gov.in/Documents/AdvertismentDocument/INCDU-04-11-2025.pdf,Document: INCDU-04-11-2025.pdf,Date,૨૦/૧૧/૨૦૨૫,2025-11-17 06:10:12.574497,https://gpsc.gujarat.gov.in/default.aspx,exam
https://gpsc.gujarat.gov.in/Documents/AdvertismentDocument/INCDU-04-11-2025.pdf,Document: INCDU-04-11-2025.pdf,Date,૧૦/૧૧/૨૦૨૫,2025-11-17 06:10:12.572764,https://gpsc.gujarat.gov.in/default.aspx,exam
https://gpsc.gujarat.gov.in/Documents/AdvertismentDocument/INCDU-04-11-2025.pdf,Document: INCDU-04-11-2025.pdf,Date,૨૧/૧૧/૨૦૨૫,2025-11-17 06:10:12.57037,https://gpsc.gujarat.gov.in/default.aspx,exam
https://gpsc.gujarat.gov.in/Documents/AdvertismentDocument/INCDU-04-11-2025.pdf,Document: INCDU-04-11-2025.pdf,Date,૧૦/૧૧/૨૦૨૫,2025-11-17 06:10:12.567346,https://gpsc.gujarat.gov.in/default.aspx,exam
https://gpsc.gujarat.gov.in/Documents/AdvertismentDocument/INCDU-04-11-2025.pdf,Document: INCDU-04-11-2025.pdf,Date,૨૧/૧૧/૨૦૨૫,2025-11-17 06:10:12.563758,https://gpsc.gujarat.gov.in/default.aspx,exam
https://gpsc.gujarat.gov.in/Documents/AdvertismentDocument/INCDU-04-11-2025.pdf,Document: INCDU-04-11-2025.pdf,Date,૧૦/૧૧/૨૦૨૫,2025-11-17 06:10:12.562303,https://gpsc.gujarat.gov.in/default.aspx,exam
https://gpsc.gujarat.gov.in/Documents/AdvertismentDocument/INCDU-04-11-2025.pdf,Document: INCDU-04-11-2025.pdf,Date,૨૦/૧૧/૨૦૨૫,2025-11-17 06:10:12.560806,https://gpsc.gujarat.gov.in/default.aspx,exam
https://gpsc.gujarat.gov.in/Documents/AdvertismentDocument/INCDU-04-11-2025.pdf,Document: INCDU-04-11-2025.pdf,Date,૧૦/૧૧/૨૦૨૫,2025-11-17 06:10:12.559263,https://gpsc.gujarat.gov.in/default.aspx,exam
https://gpsc.gujarat.gov.in/Documents/AdvertismentDocument/INCDU-04-11-2025.pdf,Document: INCDU-04-11-2025.pdf,Date,૨૦/૧૧/૨૦૨૫,2025-11-17 06:10:12.557472,https://gpsc.gujarat.gov.in/default.aspx,exam
https://gpsc.gujarat.gov.in/Documents/AdvertismentDocument/INCDU-04-11-2025.pdf,Document: INCDU-04-11-2025.pdf,Date,૧૦/૧૧/૨૦૨૫,2025-11-17 06:10:12.55512,https://gpsc.gujarat.gov.in/default.aspx,exam
https://gpsc.gujarat.gov.in/Documents/AdvertismentDocument/INCDU-04-11-2025.pdf,Document: INCDU-04-11-2025.pdf,Date,૨૧/૧૧/૨૦૨૫,2025-11-17 06:10:12.552987,https://gpsc.gujarat.gov.in/default.aspx,exam
https://gpsc.gujarat.gov.in/Documents/AdvertismentDocument/INCDU-04-11-2025.pdf,Document: INCDU-04-11-2025.pdf,Date,૧૦/૧૧/૨૦૨૫,2025-11-17 06:10:12.549362,https://gpsc.gujarat.gov.in/default.aspx,exam
https://gpsc.gujarat.gov.in/Documents/AdvertismentDocument/INCDU-04-11-2025.pdf,Document: INCDU-04-11-2025.pdf,Date,૨૦/૧૧/૨૦૨૫,2025-11-17 06:10:12.546506,https://gpsc.gujarat.gov.in/default.aspx,exam
https://gpsc.gujarat.gov.in/Documents/AdvertismentDocument/INCDU-04-11-2025.pdf,Document: INCDU-04-11-2025.pdf,Date,૧૦/૧૧/૨૦૨૫,2025-11-17 06:10:12.54482,https://gpsc.gujarat.gov.in/default.aspx,exam
https://gpsc.gujarat.gov.in/Documents/AdvertismentDocument/INCDU-04-11-2025.pdf,Document: INCDU-04-11-2025.pdf,Date,૨૦/૧૧/૨૦૨૫,2025-11-17 06:10:12.542525,https://gpsc.gujarat.gov.in/default.aspx,exam
https://gpsc.gujarat.gov.in/Documents/AdvertismentDocument/INCDU-04-11-2025.pdf,Document: INCDU-04-11-2025.pdf,Date,૧૦/૧૧/૨૦૨૫,2025-11-17 06:10:12.540596,https://gpsc.gujarat.gov.in/default.aspx,exam
https://gpsc.gujarat.gov.in/Documents/AdvertismentDocument/INCDU-04-11-2025.pdf,Document: INCDU-04-11-2025.pdf,Date,૨૧/૧૧/૨૦૨૫,2025-11-17 06:10:12.538756,https://gpsc.gujarat.gov.in/default.aspx,exam
https://gpsc.gujarat.gov.in/Documents/AdvertismentDocument/INCDU-04-11-2025.pdf,Document: INCDU-04-11-2025.pdf,Date,૧૦/૧૧/૨૦૨૫,2025-11-17 06:10:12.5365,https://gpsc.gujarat.gov.in/default.aspx,exam
https://gpsc.gujarat.gov.in/Documents/AdvertismentDocument/INCDU-04-11-2025.pdf,Document: INCDU-04-11-2025.pdf,Date,૨૦/૧૧/૨૦૨૫,2025-11-17 06:10:12.533993,https://gpsc.gujarat.gov.in/default.aspx,exam
https://gpsc.gujarat.gov.in/Documents/AdvertismentDocument/INCDU-04-11-2025.pdf,Document: INCDU-04-11-2025.pdf,Date,૨૪/૧૦/૨૦૨૫,2025-11-17 06:10:12.530606,https://gpsc.gujarat.gov.in/default.aspx,exam
https://gpsc.gujarat.gov.in/Documents/AdvertismentDocument/INCDU-04-11-2025.pdf,Document: INCDU-04-11-2025.pdf,Date,૦૩/૧૧/૨૦૨૫,2025-11-17 06:10:12.517758,https://gpsc.gujarat.gov.in/default.aspx,exam
https://gpsc.gujarat.gov.in/Documents/AdvertismentDocument/FRSDM-202425.pdf,Document: FRSDM-202425.pdf,Date,23/07/2004,2025-11-17 06:10:03.406871,https://gpsc.gujarat.gov.in/default.aspx,exam
https://gpsc.gujarat.gov.in/Documents/AdvertismentDocument/FRSDM-202425.pdf,Document: FRSDM-202425.pdf,Year Range,2010-03,2025-11-17 06:10:03.405098,https://gpsc.gujarat.gov.in/default.aspx,exam
https://gpsc.gujarat.gov.in/Documents/AdvertismentDocument/FRSDM-202425.pdf,Document: FRSDM-202425.pdf,Date,29/01/2000,2025-11-17 06:10:03.402746,https://gpsc.gujarat.gov.in/default.aspx,exam
https://gpsc.gujarat.gov.in/Documents/AdvertismentDocument/FRSDM-202425.pdf,Document: FRSDM-202425.pdf,Date,19-05-2025,2025-11-17 06:10:03.397015,https://gpsc.gujarat.gov.in/default.aspx,exam
https://gpsc.gujarat.gov.in/Documents/AdvertismentDocument/FRSDM-202425.pdf,Document: FRSDM-202425.pdf,Year Range,2024-25,2025-11-17 06:10:03.390278,https://gpsc.gujarat.gov.in/default.aspx,exam
https://gpsc.gujarat.gov.in/Documents/AdvertismentDocument/FRSDM-202425.pdf,Document: FRSDM-202425.pdf,Date,19-05-2025,2025-11-17 06:10:03.388917,https://gpsc.gujarat.gov.in/default.aspx,exam
https://gpsc.gujarat.gov.in/default.aspx,"
	Home
",Date,"21 Aug, 2016",2025-11-17 06:10:02.875462,https://gpsc.gujarat.gov.in/default.aspx,exam
https://gpsc.gujarat.gov.in/default.aspx,"
	Home
",Date,14-11-2025,2025-11-17 06:10:02.874099,https://gpsc.gujarat.gov.in/default.aspx,exam
https://gpsc.gujarat.gov.in/default.aspx,"
	Home
",Date,04/02/2020,2025-11-17 06:10:02.867087,https://gpsc.gujarat.gov.in/default.aspx,exam
https://gpsc.gujarat.gov.in/default.aspx,"
	Home
",Year Range,2020-21,2025-11-17 06:10:02.863773,https://gpsc.gujarat.gov.in/default.aspx,exam
https://gpsc.gujarat.gov.in/default.aspx,"
	Home
",Post,of Deputy Director,2025-11-17 06:10:02.862404,https://gpsc.gujarat.gov.in/default.aspx,exam
https://gpsc.gujarat.gov.in/default.aspx,"
	Home
",Date,29 November 2020,2025-11-17 06:10:02.85995,https://gpsc.gujarat.gov.in/default.aspx,exam
https://gpsc.gujarat.gov.in/default.aspx,"
	Home
",Date,22.01.2021,2025-11-17 06:10:02.857398,https://gpsc.gujarat.gov.in/default.aspx,exam
https://gpsc.gujarat.gov.in/default.aspx,"
	Home
",Year Range,2020-21,2025-11-17 06:10:02.856101,https://gpsc.gujarat.gov.in/default.aspx,exam
https://gpsc.gujarat.gov.in/default.aspx,"
	Home
",Post,of Mamlatdar,2025-11-17 06:10:02.85439,https://gpsc.gujarat.gov.in/default.aspx,exam
https://gpsc.gujarat.gov.in/default.aspx,"
	Home
",Year Range,2018-19,2025-11-17 06:10:02.849505,https://gpsc.gujarat.gov.in/default.aspx,exam
https://gpsc.gujarat.gov.in/default.aspx,"
	Home
",Advertisement Number,4/2018-19,2025-11-17 06:10:02.846409,https://gpsc.gujarat.gov.in/default.aspx,exam
https://gpsc.gujarat.gov.in/default.aspx,"
	Home
",Date,31.01.2024,2025-11-17 06:10:02.844616,https://gpsc.gujarat.gov.in/default.aspx,exam
https://gpsc.gujarat.gov.in/default.aspx,"
	Home
",Year Range,2024-25,2025-11-17 06:10:02.842898,https://gpsc.gujarat.gov.in/default.aspx,exam
https://gpsc.gujarat.gov.in/default.aspx,"
	Home
",Year Range,2024-25,2025-11-17 06:10:02.841081,https://gpsc.gujarat.gov.in/default.aspx,exam
https://gpsc.gujarat.gov.in/default.aspx,"
	Home
",Date,09-08-2024,2025-11-17 06:10:02.836623,https://gpsc.gujarat.gov.in/default.aspx,exam
https://gpsc.gujarat.gov.in/default.aspx,"
	Home
",Date,05-08-2024,2025-11-17 06:10:02.8343,https://gpsc.gujarat.gov.in/default.aspx,exam
https://gpsc.gujarat.gov.in/default.aspx,"
	Home
",Date,30-11-2024,2025-11-17 06:10:02.828981,https://gpsc.gujarat.gov.in/default.aspx,exam
https://gpsc.gujarat.gov.in/default.aspx,"
	Home
",Date,26-11-2024,2025-11-17 06:10:02.827584,https://gpsc.gujarat.gov.in/default.aspx,exam
https://gpsc.gujarat.gov.in/default.aspx,"
	Home
",Year Range,2024-25,2025-11-17 06:10:02.826081,https://gpsc.gujarat.gov.in/default.aspx,exam
https://gpsc.gujarat.gov.in/default.aspx,"
	Home
",Advertisement Number,82/2024-25,2025-11-17 06:10:02.824577,https://gpsc.gujarat.gov.in/default.aspx,exam
https://gpsc.gujarat.gov.in/default.aspx,"
	Home
",Year Range,2024-25,2025-11-17 06:10:02.82168,https://gpsc.gujarat.gov.in/default.aspx,exam
https://gpsc.gujarat.gov.in/default.aspx,"
	Home
",Advertisement Number,55,2025-11-17 06:10:02.820142,https://gpsc.gujarat.gov.in/default.aspx,exam
https://gpsc.gujarat.gov.in/default.aspx,"
	Home
",Year Range,2024-25,2025-11-17 06:10:02.818513,https://gpsc.gujarat.gov.in/default.aspx,exam
https://gpsc.gujarat.gov.in/default.aspx,"
	Home
",Advertisement Number,51,2025-11-17 06:10:02.816649,https://gpsc.gujarat.gov.in/default.aspx,exam
https://gpsc.gujarat.gov.in/default.aspx,"
	Home
",Year Range,2024-25,2025-11-17 06:10:02.814554,https://gpsc.gujarat.gov.in/default.aspx,exam
https://gpsc.gujarat.gov.in/default.aspx,"
	Home
",Advertisement Number,51/2024-25,2025-11-17 06:10:02.813005,https://gpsc.gujarat.gov.in/default.aspx,exam
https://gpsc.gujarat.gov.in/default.aspx,"
	Home
",Date,23/02/2025,2025-11-17 06:10:02.8092,https://gpsc.gujarat.gov.in/default.aspx,exam
https://gpsc.gujarat.gov.in/default.aspx,"
	Home
",Year Range,2024-25,2025-11-17 06:10:02.807605,https://gpsc.gujarat.gov.in/default.aspx,exam
https://gpsc.gujarat.gov.in/default.aspx,"
	Home
",Year Range,2024-25,2025-11-17 06:10:02.803193,https://gpsc.gujarat.gov.in/default.aspx,exam
https://gpsc.gujarat.gov.in/default.aspx,"
	Home
",Year Range,2024-25,2025-11-17 06:10:02.801234,https://gpsc.gujarat.gov.in/default.aspx,exam
https://gpsc.gujarat.gov.in/default.aspx,"
	Home
",Advertisement Number,68/2024-25,2025-11-17 06:10:02.798662,https://gpsc.gujarat.gov.in/default.aspx,exam
https://gpsc.gujarat.gov.in/default.aspx,"
	Home
",Year Range,2024-25,2025-11-17 06:10:02.793493,https://gpsc.gujarat.gov.in/default.aspx,exam
https://gpsc.gujarat.gov.in/default.aspx,"
	Home
",Advertisement Number,156/2024-25,2025-11-17 06:10:02.791915,https://gpsc.gujarat.gov.in/default.aspx,exam
https://gpsc.gujarat.gov.in/default.aspx,"
	Home
",Year Range,2023-24,2025-11-17 06:10:02.788568,https://gpsc.gujarat.gov.in/default.aspx,exam
https://gpsc.gujarat.gov.in/default.aspx,"
	Home
",Advertisement Number,42-2023-24,2025-11-17 06:10:02.787055,https://gpsc.gujarat.gov.in/default.aspx,exam
https://gpsc.gujarat.gov.in/default.aspx,"
	Home
",Year Range,2022-23,2025-11-17 06:10:02.785304,https://gpsc.gujarat.gov.in/default.aspx,exam
https://gpsc.gujarat.gov.in/default.aspx,"
	Home
",Advertisement Number,20-2022-23,2025-11-17 06:10:02.78334,https://gpsc.gujarat.gov.in/default.aspx,exam
https://gpsc.gujarat.gov.in/default.aspx,"
	Home
",Date,16-03-2025,2025-11-17 06:10:02.780864,https://gpsc.gujarat.gov.in/default.aspx,exam
https://gpsc.gujarat.gov.in/default.aspx,"
	Home
",Date,23-02-2025,2025-11-17 06:10:02.778932,https://gpsc.gujarat.gov.in/default.aspx,exam
https://gpsc.gujarat.gov.in/default.aspx,"
	Home
",Date,19-01-2025,2025-11-17 06:10:02.776056,https://gpsc.gujarat.gov.in/default.aspx,exam
https://gpsc.gujarat.gov.in/default.aspx,"
	Home
",Date,12-01-2025,2025-11-17 06:10:02.77465,https://gpsc.gujarat.gov.in/default.aspx,exam
https://gpsc.gujarat.gov.in/default.aspx,"
	Home
",Year Range,2024-25,2025-11-17 06:10:02.769557,https://gpsc.gujarat.gov.in/default.aspx,exam
https://gpsc.gujarat.gov.in/default.aspx,"
	Home
",Year Range,2024-25,2025-11-17 06:10:02.767209,https://gpsc.gujarat.gov.in/default.aspx,exam
https://gpsc.gujarat.gov.in/default.aspx,"
	Home
",Date,27-04-2025,2025-11-17 06:10:02.76517,https://gpsc.gujarat.gov.in/default.aspx,exam
https://gpsc.gujarat.gov.in/default.aspx,"
	Home
",Date,25-04-2025,2025-11-17 06:10:02.763131,https://gpsc.gujarat.gov.in/default.aspx,exam
https://gpsc.gujarat.gov.in/default.aspx,"
	Home
",Date,17-04-2025,2025-11-17 06:10:02.761774,https://gpsc.gujarat.gov.in/default.aspx,exam
https://gpsc.gujarat.gov.in/default.aspx,"
	Home
",Year Range,2024-25,2025-11-17 06:10:02.760351,https://gpsc.gujarat.gov.in/default.aspx,exam
https://gpsc.gujarat.gov.in/default.aspx,"
	Home
",Advertisement Number,122/2024-25,2025-11-17 06:10:02.758883,https://gpsc.gujarat.gov.in/default.aspx,exam
https://gpsc.gujarat.gov.in/default.aspx,"
	Home
",Year Range,2024-25,2025-11-17 06:10:02.757523,https://gpsc.gujarat.gov.in/default.aspx,exam
https://gpsc.gujarat.gov.in/default.aspx,"
	Home
",Advertisement Number,121/2024-25,2025-11-17 06:10:02.756108,https://gpsc.gujarat.gov.in/default.aspx,exam
https://gpsc.gujarat.gov.in/default.aspx,"
	Home
",Year Range,2024-25,2025-11-17 06:10:02.747299,https://gpsc.gujarat.gov.in/default.aspx,exam
https://gpsc.gujarat.gov.in/default.aspx,"
	Home
",Year Range,2024-25,2025-11-17 06:10:02.745877,https://gpsc.gujarat.gov.in/default.aspx,exam
https://gpsc.gujarat.gov.in/default.aspx,"
	Home
",Year Range,2024-25,2025-11-17 06:10:02.744654,https://gpsc.gujarat.gov.in/default.aspx,exam
https://gpsc.gujarat.gov.in/default.aspx,"
	Home
",Advertisement Number,48/2024-25,2025-11-17 06:10:02.743428,https://gpsc.gujarat.gov.in/default.aspx,exam
https://gpsc.gujarat.gov.in/default.aspx,"
	Home
",Date,17.10.2025,2025-11-17 06:10:02.740941,https://gpsc.gujarat.gov.in/default.aspx,exam
https://gpsc.gujarat.gov.in/default.aspx,"
	Home
",Date,03.10.2025,2025-11-17 06:10:02.739593,https://gpsc.gujarat.gov.in/default.aspx,exam
https://gpsc.gujarat.gov.in/default.aspx,"
	Home
",Year Range,2025-26,2025-11-17 06:10:02.738177,https://gpsc.gujarat.gov.in/default.aspx,exam
https://gpsc.gujarat.gov.in/default.aspx,"
	Home
",Advertisement Number,19/2025-26,2025-11-17 06:10:02.736553,https://gpsc.gujarat.gov.in/default.aspx,exam
https://gpsc.gujarat.gov.in/default.aspx,"
	Home
",Year Range,2024-25,2025-11-17 06:10:02.734935,https://gpsc.gujarat.gov.in/default.aspx,exam
https://gpsc.gujarat.gov.in/default.aspx,"
	Home
",Year Range,2024-25,2025-11-17 06:10:02.733013,https://gpsc.gujarat.gov.in/default.aspx,exam
https://gpsc.gujarat.gov.in/default.aspx,"
	Home
",Year Range,2024-25,2025-11-17 06:10:02.728834,https://gpsc.gujarat.gov.in/default.aspx,exam
https://gpsc.gujarat.gov.in/default.aspx,"
	Home
",Year Range,2024-25,2025-11-17 06:10:02.727462,https://gpsc.gujarat.gov.in/default.aspx,exam
https://gpsc.gujarat.gov.in/default.aspx,"
	Home
",Advertisement Number,77/2024-25,2025-11-17 06:10:02.726109,https://gpsc.gujarat.gov.in/default.aspx,exam
https://gpsc.gujarat.gov.in/default.aspx,"
	Home
",Year Range,2024-25,2025-11-17 06:10:02.724728,https://gpsc.gujarat.gov.in/default.aspx,exam
https://gpsc.gujarat.gov.in/default.aspx,"
	Home
",Advertisement Number,51/2024-25,2025-11-17 06:10:02.723345,https://gpsc.gujarat.gov.in/default.aspx,exam
https://gpsc.gujarat.gov.in/default.aspx,"
	Home
",Year Range,2024-25,2025-11-17 06:10:02.720696,https://gpsc.gujarat.gov.in/default.aspx,exam
https://gpsc.gujarat.gov.in/default.aspx,"
	Home
",Advertisement Number,114/2024-25,2025-11-17 06:10:02.71932,https://gpsc.gujarat.gov.in/default.aspx,exam
https://gpsc.gujarat.gov.in/default.aspx,"
	Home
",Year Range,2024-25,2025-11-17 06:10:02.715507,https://gpsc.gujarat.gov.in/default.aspx,exam
https://gpsc.gujarat.gov.in/default.aspx,"
	Home
",Year Range,2024-25,2025-11-17 06:10:02.713112,https://gpsc.gujarat.gov.in/default.aspx,exam
https://gpsc.gujarat.gov.in/default.aspx,"
	Home
",Advertisement Number,07/2024-25,2025-11-17 06:10:02.711819,https://gpsc.gujarat.gov.in/default.aspx,exam
https://gpsc.gujarat.gov.in/default.aspx,"
	Home
",Year Range,2024-25,2025-11-17 06:10:02.709133,https://gpsc.gujarat.gov.in/default.aspx,exam
https://gpsc.gujarat.gov.in/default.aspx,"
	Home
",Year Range,2024-25,2025-11-17 06:10:02.707742,https://gpsc.gujarat.gov.in/default.aspx,exam
https://gpsc.gujarat.gov.in/default.aspx,"
	Home
",Advertisement Number,38/2024-25,2025-11-17 06:10:02.704885,https://gpsc.gujarat.gov.in/default.aspx,exam
https://gpsc.gujarat.gov.in/default.aspx,"
	Home
",Year Range,2024-25,2025-11-17 06:10:02.703255,https://gpsc.gujarat.gov.in/default.aspx,exam
https://gpsc.gujarat.gov.in/default.aspx,"
	Home
",Year Range,2024-25,2025-11-17 06:10:02.701609,https://gpsc.gujarat.gov.in/default.aspx,exam
https://gpsc.gujarat.gov.in/default.aspx,"
	Home
",Date,04-11-2025,2025-11-17 06:10:02.696837,https://gpsc.gujarat.gov.in/default.aspx,exam
https://gpsc.gujarat.gov.in/default.aspx,"
	Home
",Year Range,2024-25,2025-11-17 06:10:02.695591,https://gpsc.gujarat.gov.in/default.aspx,exam
https://gpsc.gujarat.gov.in/default.aspx,"
	Home
",Year Range,2024-25,2025-11-17 06:10:02.694356,https://gpsc.gujarat.gov.in/default.aspx,exam
https://gpsc.gujarat.gov.in/default.aspx,"
	Home
",Advertisement Number,170/2024-25,2025-11-17 06:10:02.693019,https://gpsc.gujarat.gov.in/default.aspx,exam
https://gpsc.gujarat.gov.in/default.aspx,"
	Home
",Year Range,2024-25,2025-11-17 06:10:02.691662,https://gpsc.gujarat.gov.in/default.aspx,exam
https://gpsc.gujarat.gov.in/default.aspx,"
	Home
",Advertisement Number,171/2024-25,2025-11-17 06:10:02.690326,https://gpsc.gujarat.gov.in/default.aspx,exam
https://gpsc.gujarat.gov.in/default.aspx,"
	Home
",Date,10.11.2025,2025-11-17 06:10:02.688783,https://gpsc.gujarat.gov.in/default.aspx,exam
https://gpsc.gujarat.gov.in/default.aspx,"
	Home
",Year Range,2024-2025,2025-11-17 06:10:02.686759,https://gpsc.gujarat.gov.in/default.aspx,exam
https://gpsc.gujarat.gov.in/default.aspx,"
	Home
",Year Range,2024-25,2025-11-17 06:10:02.684771,https://gpsc.gujarat.gov.in/default.aspx,exam
https://gpsc.gujarat.gov.in/default.aspx,"
	Home
",Year Range,2024-25,2025-11-17 06:10:02.682805,https://gpsc.gujarat.gov.in/default.aspx,exam
https://gpsc.gujarat.gov.in/default.aspx,"
	Home
",Year Range,2024-25,2025-11-17 06:10:02.680368,https://gpsc.gujarat.gov.in/default.aspx,exam
https://gpsc.gujarat.gov.in/default.aspx,"
	Home
",Advertisement Number,37/2024-25,2025-11-17 06:10:02.679057,https://gpsc.gujarat.gov.in/default.aspx,exam
https://gpsc.gujarat.gov.in/default.aspx,"
	Home
",Year Range,2024-25,2025-11-17 06:10:02.677811,https://gpsc.gujarat.gov.in/default.aspx,exam
https://gpsc.gujarat.gov.in/default.aspx,"
	Home
",Year Range,2025-26,2025-11-17 06:10:02.676591,https://gpsc.gujarat.gov.in/default.aspx,exam
https://gpsc.gujarat.gov.in/default.aspx,"
	Home
",Advertisement Number,08/2025-26,2025-11-17 06:10:02.6754,https://gpsc.gujarat.gov.in/default.aspx,exam
https://gpsc.gujarat.gov.in/default.aspx,"
	Home
",Year Range,2024-25,2025-11-17 06:10:02.67293,https://gpsc.gujarat.gov.in/default.aspx,exam
https://gpsc.gujarat.gov.in/default.aspx,"
	Home
",Year Range,2024-25,2025-11-17 06:10:02.671625,https://gpsc.gujarat.gov.in/default.aspx,exam
https://gpsc.gujarat.gov.in/default.aspx,"
	Home
",Advertisement Number,114/2024-25,2025-11-17 06:10:02.67034,https://gpsc.gujarat.gov.in/default.aspx,exam
https://gpsc.gujarat.gov.in/default.aspx,"
	Home
",Year Range,2024-25,2025-11-17 06:10:02.668909,https://gpsc.gujarat.gov.in/default.aspx,exam
https://gpsc.gujarat.gov.in/default.aspx,"
	Home
",Advertisement Number,67/2024-25,2025-11-17 06:10:02.667164,https://gpsc.gujarat.gov.in/default.aspx,exam
https://gpsc.gujarat.gov.in/default.aspx,"
	Home
",Year Range,2024-25,2025-11-17 06:10:02.664772,https://gpsc.gujarat.gov.in/default.aspx,exam
https://gpsc.gujarat.gov.in/default.aspx,"
	Home
",Year Range,2024-25,2025-11-17 06:10:02.661436,https://gpsc.gujarat.gov.in/default.aspx,exam
https://gpsc.gujarat.gov.in/default.aspx,"
	Home
",Year Range,2024-25,2025-11-17 06:10:02.660082,https://gpsc.gujarat.gov.in/default.aspx,exam
https://gpsc.gujarat.gov.in/default.aspx,"
	Home
",Year Range,2024-25,2025-11-17 06:10:02.658691,https://gpsc.gujarat.gov.in/default.aspx,exam
https://gpsc.gujarat.gov.in/default.aspx,"
	Home
",Year Range,2024-25,2025-11-17 06:10:02.657379,https://gpsc.gujarat.gov.in/default.aspx,exam
https://gpsc.gujarat.gov.in/default.aspx,"
	Home
",Year Range,2024-25,2025-11-17 06:10:02.655995,https://gpsc.gujarat.gov.in/default.aspx,exam
https://gpsc.gujarat.gov.in/default.aspx,"
	Home
",Year Range,2024-25,2025-11-17 06:10:02.654555,https://gpsc.gujarat.gov.in/default.aspx,exam
https://gpsc.gujarat.gov.in/default.aspx,"
	Home
",Year Range,2024-25,2025-11-17 06:10:02.653105,https://gpsc.gujarat.gov.in/default.aspx,exam
https://gpsc.gujarat.gov.in/default.aspx,"
	Home
",Advertisement Number,07/2024-25,2025-11-17 06:10:02.651568,https://gpsc.gujarat.gov.in/default.aspx,exam
https://gpsc.gujarat.gov.in/default.aspx,"
	Home
",Year Range,2024-25,2025-11-17 06:10:02.647677,https://gpsc.gujarat.gov.in/default.aspx,exam
https://gpsc.gujarat.gov.in/default.aspx,"
	Home
",Year Range,2025-26,2025-11-17 06:10:02.644812,https://gpsc.gujarat.gov.in/default.aspx,exam
https://gpsc.gujarat.gov.in/default.aspx,"
	Home
",Year Range,2024-25,2025-11-17 06:10:02.64215,https://gpsc.gujarat.gov.in/default.aspx,exam
https://gpsc.gujarat.gov.in/default.aspx,"
	Home
",Year Range,2024-25,2025-11-17 06:10:02.640799,https://gpsc.gujarat.gov.in/default.aspx,exam
https://gpsc.gujarat.gov.in/default.aspx,"
	Home
",Year Range,2024-25,2025-11-17 06:10:02.639431,https://gpsc.gujarat.gov.in/default.aspx,exam
https://gpsc.gujarat.gov.in/default.aspx,"
	Home
",Year Range,2024-25,2025-11-17 06:10:02.638003,https://gpsc.gujarat.gov.in/default.aspx,exam
https://gpsc.gujarat.gov.in/default.aspx,"
	Home
",Year Range,2024-25,2025-11-17 06:10:02.636504,https://gpsc.gujarat.gov.in/default.aspx,exam
https://gpsc.gujarat.gov.in/default.aspx,"
	Home
",Year Range,2024-25,2025-11-17 06:10:02.634998,https://gpsc.gujarat.gov.in/default.aspx,exam
https://gpsc.gujarat.gov.in/default.aspx,"
	Home
",Year Range,2024-25,2025-11-17 06:10:02.633262,https://gpsc.gujarat.gov.in/default.aspx,exam
https://gpsc.gujarat.gov.in/default.aspx,"
	Home
",Year Range,2025-26,2025-11-17 06:10:02.631144,https://gpsc.gujarat.gov.in/default.aspx,exam
https://gpsc.gujarat.gov.in/default.aspx,"
	Home
",Year Range,2024-25,2025-11-17 06:10:02.628148,https://gpsc.gujarat.gov.in/default.aspx,exam
https://gpsc.gujarat.gov.in/default.aspx,"
	Home
",Year Range,2024-25,2025-11-17 06:10:02.626776,https://gpsc.gujarat.gov.in/default.aspx,exam
https://gpsc.gujarat.gov.in/default.aspx,"
	Home
",Year Range,2025-26,2025-11-17 06:10:02.62546,https://gpsc.gujarat.gov.in/default.aspx,exam
https://gpsc.gujarat.gov.in/default.aspx,"
	Home
",Year Range,2025-26,2025-11-17 06:10:02.62411,https://gpsc.gujarat.gov.in/default.aspx,exam
https://gpsc.gujarat.gov.in/default.aspx,"
	Home
",Year Range,2024-25,2025-11-17 06:10:02.622659,https://gpsc.gujarat.gov.in/default.aspx,exam
https://gpsc.gujarat.gov.in/default.aspx,"
	Home
",Year Range,2024-25,2025-11-17 06:10:02.621169,https://gpsc.gujarat.gov.in/default.aspx,exam
https://gpsc.gujarat.gov.in/default.aspx,"
	Home
",Year Range,2024-25,2025-11-17 06:10:02.619546,https://gpsc.gujarat.gov.in/default.aspx,exam
https://gpsc.gujarat.gov.in/default.aspx,"
	Home
",Year Range,2024-25,2025-11-17 06:10:02.61779,https://gpsc.gujarat.gov.in/default.aspx,exam
https://gpsc.gujarat.gov.in/default.aspx,"
	Home
",Advertisement Number,07/2024-25,2025-11-17 06:10:02.615848,https://gpsc.gujarat.gov.in/default.aspx,exam
https://gpsc.gujarat.gov.in/default.aspx,"
	Home
",Year Range,2024-25,2025-11-17 06:10:02.613754,https://gpsc.gujarat.gov.in/default.aspx,exam
https://gpsc.gujarat.gov.in/default.aspx,"
	Home
",Year Range,2025-26,2025-11-17 06:10:02.611185,https://gpsc.gujarat.gov.in/default.aspx,exam
https://gpsc.gujarat.gov.in/default.aspx,"
	Home
",Year Range,2024-25,2025-11-17 06:10:02.610003,https://gpsc.gujarat.gov.in/default.aspx,exam
https://gpsc.gujarat.gov.in/default.aspx,"
	Home
",Year Range,2024-25,2025-11-17 06:10:02.608839,https://gpsc.gujarat.gov.in/default.aspx,exam
https://gpsc.gujarat.gov.in/default.aspx,"
	Home
",Year Range,2024-25,2025-11-17 06:10:02.607636,https://gpsc.gujarat.gov.in/default.aspx,exam
https://gpsc.gujarat.gov.in/default.aspx,"
	Home
",Year Range,2024-25,2025-11-17 06:10:02.606441,https://gpsc.gujarat.gov.in/default.aspx,exam
https://gpsc.gujarat.gov.in/default.aspx,"
	Home
",Year Range,2024-25,2025-11-17 06:10:02.605191,https://gpsc.gujarat.gov.in/default.aspx,exam
https://gpsc.gujarat.gov.in/default.aspx,"
	Home
",Year Range,2024-25,2025-11-17 06:10:02.603926,https://gpsc.gujarat.gov.in/default.aspx,exam
https://gpsc.gujarat.gov.in/default.aspx,"
	Home
",Year Range,2024-25,2025-11-17 06:10:02.602521,https://gpsc.gujarat.gov.in/default.aspx,exam
https://gpsc.gujarat.gov.in/default.aspx,"
	Home
",Year Range,2024-25,2025-11-17 06:10:02.600838,https://gpsc.gujarat.gov.in/default.aspx,exam
https://gpsc.gujarat.gov.in/default.aspx,"
	Home
",Year Range,2024-25,2025-11-17 06:10:02.598506,https://gpsc.gujarat.gov.in/default.aspx,exam
https://gpsc.gujarat.gov.in/default.aspx,"
	Home
",Year Range,2024-25,2025-11-17 06:10:02.596467,https://gpsc.gujarat.gov.in/default.aspx,exam
https://gpsc.gujarat.gov.in/default.aspx,"
	Home
",Year Range,2024-25,2025-11-17 06:10:02.595103,https://gpsc.gujarat.gov.in/default.aspx,exam
https://gpsc.gujarat.gov.in/default.aspx,"
	Home
",Year Range,2024-25,2025-11-17 06:10:02.593728,https://gpsc.gujarat.gov.in/default.aspx,exam
https://gpsc.gujarat.gov.in/default.aspx,"
	Home
",Year Range,2024-25,2025-11-17 06:10:02.592308,https://gpsc.gujarat.gov.in/default.aspx,exam
https://gpsc.gujarat.gov.in/default.aspx,"
	Home
",Year Range,2024-25,2025-11-17 06:10:02.590952,https://gpsc.gujarat.gov.in/default.aspx,exam
https://gpsc.gujarat.gov.in/default.aspx,"
	Home
",Year Range,2025-26,2025-11-17 06:10:02.589455,https://gpsc.gujarat.gov.in/default.aspx,exam
https://gpsc.gujarat.gov.in/default.aspx,"
	Home
",Year Range,2025-26,2025-11-17 06:10:02.588015,https://gpsc.gujarat.gov.in/default.aspx,exam
https://gpsc.gujarat.gov.in/default.aspx,"
	Home
",Year Range,2024-25,2025-11-17 06:10:02.586422,https://gpsc.gujarat.gov.in/default.aspx,exam
https://gpsc.gujarat.gov.in/default.aspx,"
	Home
",Year Range,2024-25,2025-11-17 06:10:02.584831,https://gpsc.gujarat.gov.in/default.aspx,exam
https://gpsc.gujarat.gov.in/default.aspx,"
	Home
",Year Range,2024-25,2025-11-17 06:10:02.582792,https://gpsc.gujarat.gov.in/default.aspx,exam
https://gpsc.gujarat.gov.in/default.aspx,"
	Home
",Year Range,2024-25,2025-11-17 06:10:02.580281,https://gpsc.gujarat.gov.in/default.aspx,exam
https://gpsc.gujarat.gov.in/default.aspx,"
	Home
",Year Range,2024-25,2025-11-17 06:10:02.57888,https://gpsc.gujarat.gov.in/default.aspx,exam
https://gpsc.gujarat.gov.in/default.aspx,"
	Home
",Year Range,2024-25,2025-11-17 06:10:02.577451,https://gpsc.gujarat.gov.in/default.aspx,exam
https://gpsc.gujarat.gov.in/default.aspx,"
	Home
",Year Range,2024-25,2025-11-17 06:10:02.576067,https://gpsc.gujarat.gov.in/default.aspx,exam
https://gpsc.gujarat.gov.in/default.aspx,"
	Home
",Year Range,2025-26,2025-11-17 06:10:02.57465,https://gpsc.gujarat.gov.in/default.aspx,exam
https://gpsc.gujarat.gov.in/default.aspx,"
	Home
",Year Range,2025-26,2025-11-17 06:10:02.573227,https://gpsc.gujarat.gov.in/default.aspx,exam
https://gpsc.gujarat.gov.in/default.aspx,"
	Home
",Year Range,2024-25,2025-11-17 06:10:02.571767,https://gpsc.gujarat.gov.in/default.aspx,exam
https://gpsc.gujarat.gov.in/default.aspx,"
	Home
",Year Range,2025-26,2025-11-17 06:10:02.570449,https://gpsc.gujarat.gov.in/default.aspx,exam
https://gpsc.gujarat.gov.in/default.aspx,"
	Home
",Year Range,2025-26,2025-11-17 06:10:02.569016,https://gpsc.gujarat.gov.in/default.aspx,exam
https://gpsc.gujarat.gov.in/default.aspx,"
	Home
",Year Range,2025-26,2025-11-17 06:10:02.567281,https://gpsc.gujarat.gov.in/default.aspx,exam
https://gpsc.gujarat.gov.in/default.aspx,"
	Home
",Year Range,2025-26,2025-11-17 06:10:02.564938,https://gpsc.gujarat.gov.in/default.aspx,exam
https://gpsc.gujarat.gov.in/default.aspx,"
	Home
",Year Range,2025-26,2025-11-17 06:10:02.562425,https://gpsc.gujarat.gov.in/default.aspx,exam
https://gpsc.gujarat.gov.in/default.aspx,"
	Home
",Year Range,2025-26,2025-11-17 06:10:02.561145,https://gpsc.gujarat.gov.in/default.aspx,exam
https://gpsc.gujarat.gov.in/default.aspx,"
	Home
",Year Range,2024-25,2025-11-17 06:10:02.559829,https://gpsc.gujarat.gov.in/default.aspx,exam
https://gpsc.gujarat.gov.in/default.aspx,"
	Home
",Year Range,2024-25,2025-11-17 06:10:02.558372,https://gpsc.gujarat.gov.in/default.aspx,exam
https://gpsc.gujarat.gov.in/default.aspx,"
	Home
",Year Range,2024-25,2025-11-17 06:10:02.5493,https://gpsc.gujarat.gov.in/default.aspx,exam
https://gpsc.gujarat.gov.in/default.aspx,"
	Home
",Year Range,2024-25,2025-11-17 06:10:02.545431,https://gpsc.gujarat.gov.in/default.aspx,exam
https://gpsc.gujarat.gov.in/default.aspx,"
	Home
",Year Range,2024-25,2025-11-17 06:10:02.544134,https://gpsc.gujarat.gov.in/default.aspx,exam
https://gpsc.gujarat.gov.in/default.aspx,"
	Home
",Year Range,2024-25,2025-11-17 06:10:02.542764,https://gpsc.gujarat.gov.in/default.aspx,exam
https://gpsc.gujarat.gov.in/default.aspx,"
	Home
",Year Range,2025-26,2025-11-17 06:10:02.541236,https://gpsc.gujarat.gov.in/default.aspx,exam
https://gpsc.gujarat.gov.in/default.aspx,"
	Home
",Year Range,2025-26,2025-11-17 06:10:02.539892,https://gpsc.gujarat.gov.in/default.aspx,exam
https://gpsc.gujarat.gov.in/default.aspx,"
	Home
",Year Range,2025-26,2025-11-17 06:10:02.538474,https://gpsc.gujarat.gov.in/default.aspx,exam
https://gpsc.gujarat.gov.in/default.aspx,"
	Home
",Advertisement Number,2/2025-26,2025-11-17 06:10:02.535549,https://gpsc.gujarat.gov.in/default.aspx,exam
https://gpsc.gujarat.gov.in/default.aspx,"
	Home
",Year Range,2024-25,2025-11-17 06:10:02.533299,https://gpsc.gujarat.gov.in/default.aspx,exam
https://gpsc.gujarat.gov.in/default.aspx,"
	Home
",Year Range,2024-25,2025-11-17 06:10:02.530694,https://gpsc.gujarat.gov.in/default.aspx,exam
https://gpsc.gujarat.gov.in/default.aspx,"
	Home
",Year Range,2024-25,2025-11-17 06:10:02.529111,https://gpsc.gujarat.gov.in/default.aspx,exam
https://gpsc.gujarat.gov.in/default.aspx,"
	Home
",Year Range,2024-25,2025-11-17 06:10:02.526307,https://gpsc.gujarat.gov.in/default.aspx,exam
https://gpsc.gujarat.gov.in/default.aspx,"
	Home
",Date,04-02-2020,2025-11-17 06:10:02.517033,https://gpsc.gujarat.gov.in/default.aspx,exam
https://gpsc.gujarat.gov.in/default.aspx,"
	Home
",Date,04/02/2020,2025-11-17 06:10:02.514147,https://gpsc.gujarat.gov.in/default.aspx,exam
https://gpsc.gujarat.gov.in/default.aspx,"
	Home
",Year Range,2020-21,2025-11-17 06:10:02.512594,https://gpsc.gujarat.gov.in/default.aspx,exam
https://gpsc.gujarat.gov.in/default.aspx,"
	Home
",Post,of Deputy Director,2025-11-17 06:10:02.51018,https://gpsc.gujarat.gov.in/default.aspx,exam
https://gpsc.gujarat.gov.in/default.aspx,"
	Home
",Date,29 November 2020,2025-11-17 06:10:02.506531,https://gpsc.gujarat.gov.in/default.aspx,exam
https://gpsc.gujarat.gov.in/default.aspx,"
	Home
",Date,22.01.2021,2025-11-17 06:10:02.50242,https://gpsc.gujarat.gov.in/default.aspx,exam
https://gpsc.gujarat.gov.in/default.aspx,"
	Home
",Year Range,2020-21,2025-11-17 06:10:02.500524,https://gpsc.gujarat.gov.in/default.aspx,exam
https://gpsc.gujarat.gov.in/default.aspx,"
	Home
",Post,of Mamlatdar,2025-11-17 06:10:02.492773,https://gpsc.gujarat.gov.in/default.aspx,exam
https://gpsc.gujarat.gov.in/default.aspx,"
	Home
",Year Range,2018-19,2025-11-17 06:10:02.486464,https://gpsc.gujarat.gov.in/default.aspx,exam
https://gpsc.gujarat.gov.in/default.aspx,"
	Home
",Advertisement Number,4/2018-19,2025-11-17 06:10:02.484748,https://gpsc.gujarat.gov.in/default.aspx,exam
https://gpsc.gujarat.gov.in/default.aspx,"
	Home
",Date,31-08-2023,2025-11-17 06:10:02.47539,https://gpsc.gujarat.gov.in/default.aspx,exam
https://gpsc.gujarat.gov.in/default.aspx,"
	Home
",Date,31.01.2024,2025-11-17 06:10:02.471229,https://gpsc.gujarat.gov.in/default.aspx,exam
https://gpsc.gujarat.gov.in/default.aspx,"
	Home
",Year Range,2024-25,2025-11-17 06:10:02.469597,https://gpsc.gujarat.gov.in/default.aspx,exam
https://gpsc.gujarat.gov.in/default.aspx,"
	Home
",Year Range,2024-25,2025-11-17 06:10:02.46773,https://gpsc.gujarat.gov.in/default.aspx,exam
https://gpsc.gujarat.gov.in/default.aspx,"
	Home
",Date,09-08-2024,2025-11-17 06:10:02.459153,https://gpsc.gujarat.gov.in/default.aspx,exam
https://gpsc.gujarat.gov.in/default.aspx,"
	Home
",Date,05-08-2024,2025-11-17 06:10:02.457595,https://gpsc.gujarat.gov.in/default.aspx,exam
https://gpsc.gujarat.gov.in/default.aspx,"
	Home
",Date,30-11-2024,2025-11-17 06:10:02.447783,https://gpsc.gujarat.gov.in/default.aspx,exam
https://gpsc.gujarat.gov.in/default.aspx,"
	Home
",Date,26-11-2024,2025-11-17 06:10:02.445925,https://gpsc.gujarat.gov.in/default.aspx,exam
https://gpsc.gujarat.gov.in/default.aspx,"
	Home
",Year Range,2024-25,2025-11-17 06:10:02.441738,https://gpsc.gujarat.gov.in/default.aspx,exam
https://gpsc.gujarat.gov.in/default.aspx,"
	Home
",Advertisement Number,82/2024-25,2025-11-17 06:10:02.440122,https://gpsc.gujarat.gov.in/default.aspx,exam
https://gpsc.gujarat.gov.in/default.aspx,"
	Home
",Date,18-01-2025,2025-11-17 06:10:02.433164,https://gpsc.gujarat.gov.in/default.aspx,exam
https://gpsc.gujarat.gov.in/default.aspx,"
	Home
",Year Range,2024-25,2025-11-17 06:10:02.428727,https://gpsc.gujarat.gov.in/default.aspx,exam
https://gpsc.gujarat.gov.in/default.aspx,"
	Home
",Advertisement Number,55,2025-11-17 06:10:02.427452,https://gpsc.gujarat.gov.in/default.aspx,exam
https://gpsc.gujarat.gov.in/default.aspx,"
	Home
",Year Range,2024-25,2025-11-17 06:10:02.424667,https://gpsc.gujarat.gov.in/default.aspx,exam
https://gpsc.gujarat.gov.in/default.aspx,"
	Home
",Advertisement Number,51,2025-11-17 06:10:02.422973,https://gpsc.gujarat.gov.in/default.aspx,exam
https://gpsc.gujarat.gov.in/default.aspx,"
	Home
",Year Range,2024-25,2025-11-17 06:10:02.421305,https://gpsc.gujarat.gov.in/default.aspx,exam
https://gpsc.gujarat.gov.in/default.aspx,"
	Home
",Advertisement Number,51/2024-25,2025-11-17 06:10:02.418998,https://gpsc.gujarat.gov.in/default.aspx,exam
https://gpsc.gujarat.gov.in/default.aspx,"
	Home
",Date,18-01-2025,2025-11-17 06:10:02.411986,https://gpsc.gujarat.gov.in/default.aspx,exam
https://gpsc.gujarat.gov.in/default.aspx,"
	Home
",Date,23/02/2025,2025-11-17 06:10:02.407858,https://gpsc.gujarat.gov.in/default.aspx,exam
https://gpsc.gujarat.gov.in/default.aspx,"
	Home
",Year Range,2024-25,2025-11-17 06:10:02.406382,https://gpsc.gujarat.gov.in/default.aspx,exam
https://gpsc.gujarat.gov.in/default.aspx,"
	Home
",Year Range,2024-25,2025-11-17 06:10:02.400358,https://gpsc.gujarat.gov.in/default.aspx,exam
https://gpsc.gujarat.gov.in/default.aspx,"
	Home
",Year Range,2024-25,2025-11-17 06:10:02.397027,https://gpsc.gujarat.gov.in/default.aspx,exam
https://gpsc.gujarat.gov.in/default.aspx,"
	Home
",Advertisement Number,68/2024-25,2025-11-17 06:10:02.395687,https://gpsc.gujarat.gov.in/default.aspx,exam
https://gpsc.gujarat.gov.in/default.aspx,"
	Home
",Date,24-01-2025,2025-11-17 06:10:02.39184,https://gpsc.gujarat.gov.in/default.aspx,exam
https://gpsc.gujarat.gov.in/default.aspx,"
	Home
",Year Range,2024-25,2025-11-17 06:10:02.378579,https://gpsc.gujarat.gov.in/default.aspx,exam
https://gpsc.gujarat.gov.in/default.aspx,"
	Home
",Advertisement Number,156/2024-25,2025-11-17 06:10:02.377313,https://gpsc.gujarat.gov.in/default.aspx,exam
https://gpsc.gujarat.gov.in/default.aspx,"
	Home
",Year Range,2023-24,2025-11-17 06:10:02.369,https://gpsc.gujarat.gov.in/default.aspx,exam
https://gpsc.gujarat.gov.in/default.aspx,"
	Home
",Advertisement Number,42-2023-24,2025-11-17 06:10:02.36633,https://gpsc.gujarat.gov.in/default.aspx,exam
https://gpsc.gujarat.gov.in/default.aspx,"
	Home
",Year Range,2022-23,2025-11-17 06:10:02.363743,https://gpsc.gujarat.gov.in/default.aspx,exam
https://gpsc.gujarat.gov.in/default.aspx,"
	Home
",Advertisement Number,20-2022-23,2025-11-17 06:10:02.362241,https://gpsc.gujarat.gov.in/default.aspx,exam
https://gpsc.gujarat.gov.in/default.aspx,"
	Home
",Date,16-03-2025,2025-11-17 06:10:02.352203,https://gpsc.gujarat.gov.in/default.aspx,exam
https://gpsc.gujarat.gov.in/default.aspx,"
	Home
",Date,23-02-2025,2025-11-17 06:10:02.349777,https://gpsc.gujarat.gov.in/default.aspx,exam
https://gpsc.gujarat.gov.in/default.aspx,"
	Home
",Date,19-01-2025,2025-11-17 06:10:02.346752,https://gpsc.gujarat.gov.in/default.aspx,exam
https://gpsc.gujarat.gov.in/default.aspx,"
	Home
",Date,12-01-2025,2025-11-17 06:10:02.345348,https://gpsc.gujarat.gov.in/default.aspx,exam
https://gpsc.gujarat.gov.in/default.aspx,"
	Home
",Date,19-05-2025,2025-11-17 06:10:02.340957,https://gpsc.gujarat.gov.in/default.aspx,exam
https://gpsc.gujarat.gov.in/default.aspx,"
	Home
",Year Range,2024-25,2025-11-17 06:10:02.33483,https://gpsc.gujarat.gov.in/default.aspx,exam
https://gpsc.gujarat.gov.in/default.aspx,"
	Home
",Year Range,2024-25,2025-11-17 06:10:02.329509,https://gpsc.gujarat.gov.in/default.aspx,exam
https://gpsc.gujarat.gov.in/default.aspx,"
	Home
",Date,27-04-2025,2025-11-17 06:10:02.327138,https://gpsc.gujarat.gov.in/default.aspx,exam
https://gpsc.gujarat.gov.in/default.aspx,"
	Home
",Date,27-04-2025,2025-11-17 06:10:02.325897,https://gpsc.gujarat.gov.in/default.aspx,exam
https://gpsc.gujarat.gov.in/default.aspx,"
	Home
",Date,25-04-2025,2025-11-17 06:10:02.324611,https://gpsc.gujarat.gov.in/default.aspx,exam
https://gpsc.gujarat.gov.in/default.aspx,"
	Home
",Date,17-04-2025,2025-11-17 06:10:02.323284,https://gpsc.gujarat.gov.in/default.aspx,exam
https://gpsc.gujarat.gov.in/default.aspx,"
	Home
",Year Range,2024-25,2025-11-17 06:10:02.319104,https://gpsc.gujarat.gov.in/default.aspx,exam
https://gpsc.gujarat.gov.in/default.aspx,"
	Home
",Advertisement Number,122/2024-25,2025-11-17 06:10:02.316603,https://gpsc.gujarat.gov.in/default.aspx,exam
https://gpsc.gujarat.gov.in/default.aspx,"
	Home
",Year Range,2024-25,2025-11-17 06:10:02.313689,https://gpsc.gujarat.gov.in/default.aspx,exam
https://gpsc.gujarat.gov.in/default.aspx,"
	Home
",Advertisement Number,121/2024-25,2025-11-17 06:10:02.312228,https://gpsc.gujarat.gov.in/default.aspx,exam
https://gpsc.gujarat.gov.in/default.aspx,"
	Home
",Date,04-06-2025,2025-11-17 06:10:02.30773,https://gpsc.gujarat.gov.in/default.aspx,exam
https://gpsc.gujarat.gov.in/default.aspx,"
	Home
",Date,21-06-2025,2025-11-17 06:10:02.299458,https://gpsc.gujarat.gov.in/default.aspx,exam
https://gpsc.gujarat.gov.in/default.aspx,"
	Home
",Date,02-09-2025,2025-11-17 06:10:02.294035,https://gpsc.gujarat.gov.in/default.aspx,exam
https://gpsc.gujarat.gov.in/default.aspx,"
	Home
",Year Range,2024-25,2025-11-17 06:10:02.289865,https://gpsc.gujarat.gov.in/default.aspx,exam
https://gpsc.gujarat.gov.in/default.aspx,"
	Home
",Year Range,2024-25,2025-11-17 06:10:02.288178,https://gpsc.gujarat.gov.in/default.aspx,exam
https://gpsc.gujarat.gov.in/default.aspx,"
	Home
",Year Range,2024-25,2025-11-17 06:10:02.2859,https://gpsc.gujarat.gov.in/default.aspx,exam
https://gpsc.gujarat.gov.in/default.aspx,"
	Home
",Advertisement Number,48/2024-25,2025-11-17 06:10:02.283102,https://gpsc.gujarat.gov.in/default.aspx,exam
https://gpsc.gujarat.gov.in/default.aspx,"
	Home
",Date,01-10-2025,2025-11-17 06:10:02.276323,https://gpsc.gujarat.gov.in/default.aspx,exam
https://gpsc.gujarat.gov.in/default.aspx,"
	Home
",Date,17.10.2025,2025-11-17 06:10:02.274982,https://gpsc.gujarat.gov.in/default.aspx,exam
https://gpsc.gujarat.gov.in/default.aspx,"
	Home
",Date,03.10.2025,2025-11-17 06:10:02.273275,https://gpsc.gujarat.gov.in/default.aspx,exam
https://gpsc.gujarat.gov.in/default.aspx,"
	Home
",Year Range,2025-26,2025-11-17 06:10:02.271685,https://gpsc.gujarat.gov.in/default.aspx,exam
https://gpsc.gujarat.gov.in/default.aspx,"
	Home
",Advertisement Number,19/2025-26,2025-11-17 06:10:02.269174,https://gpsc.gujarat.gov.in/default.aspx,exam
https://gpsc.gujarat.gov.in/default.aspx,"
	Home
",Date,13-10-2025,2025-11-17 06:10:02.262188,https://gpsc.gujarat.gov.in/default.aspx,exam
https://gpsc.gujarat.gov.in/default.aspx,"
	Home
",Year Range,2024-25,2025-11-17 06:10:02.260884,https://gpsc.gujarat.gov.in/default.aspx,exam
https://gpsc.gujarat.gov.in/default.aspx,"
	Home
",Year Range,2024-25,2025-11-17 06:10:02.259584,https://gpsc.gujarat.gov.in/default.aspx,exam
https://gpsc.gujarat.gov.in/default.aspx,"
	Home
",Date,14-10-2025,2025-11-17 06:10:02.255109,https://gpsc.gujarat.gov.in/default.aspx,exam
https://gpsc.gujarat.gov.in/default.aspx,"
	Home
",Year Range,2024-25,2025-11-17 06:10:02.252877,https://gpsc.gujarat.gov.in/default.aspx,exam
https://gpsc.gujarat.gov.in/default.aspx,"
	Home
",Year Range,2024-25,2025-11-17 06:10:02.250304,https://gpsc.gujarat.gov.in/default.aspx,exam
https://gpsc.gujarat.gov.in/default.aspx,"
	Home
",Advertisement Number,77/2024-25,2025-11-17 06:10:02.246675,https://gpsc.gujarat.gov.in/default.aspx,exam
https://gpsc.gujarat.gov.in/default.aspx,"
	Home
",Year Range,2024-25,2025-11-17 06:10:02.243791,https://gpsc.gujarat.gov.in/default.aspx,exam
https://gpsc.gujarat.gov.in/default.aspx,"
	Home
",Advertisement Number,51/2024-25,2025-11-17 06:10:02.242312,https://gpsc.gujarat.gov.in/default.aspx,exam
https://gpsc.gujarat.gov.in/default.aspx,"
	Home
",Date,16-10-2025,2025-11-17 06:10:02.236928,https://gpsc.gujarat.gov.in/default.aspx,exam
https://gpsc.gujarat.gov.in/default.aspx,"
	Home
",Year Range,2024-25,2025-11-17 06:10:02.235006,https://gpsc.gujarat.gov.in/default.aspx,exam
https://gpsc.gujarat.gov.in/default.aspx,"
	Home
",Advertisement Number,114/2024-25,2025-11-17 06:10:02.232154,https://gpsc.gujarat.gov.in/default.aspx,exam
https://gpsc.gujarat.gov.in/default.aspx,"
	Home
",Date,17-10-2025,2025-11-17 06:10:02.227377,https://gpsc.gujarat.gov.in/default.aspx,exam
https://gpsc.gujarat.gov.in/default.aspx,"
	Home
",Year Range,2024-25,2025-11-17 06:10:02.226093,https://gpsc.gujarat.gov.in/default.aspx,exam
https://gpsc.gujarat.gov.in/default.aspx,"
	Home
",Year Range,2024-25,2025-11-17 06:10:02.22479,https://gpsc.gujarat.gov.in/default.aspx,exam
https://gpsc.gujarat.gov.in/default.aspx,"
	Home
",Advertisement Number,07/2024-25,2025-11-17 06:10:02.223377,https://gpsc.gujarat.gov.in/default.aspx,exam
https://gpsc.gujarat.gov.in/default.aspx,"
	Home
",Date,17-10-2025,2025-11-17 06:10:02.213434,https://gpsc.gujarat.gov.in/default.aspx,exam
https://gpsc.gujarat.gov.in/default.aspx,"
	Home
",Year Range,2024-25,2025-11-17 06:10:02.211872,https://gpsc.gujarat.gov.in/default.aspx,exam
https://gpsc.gujarat.gov.in/default.aspx,"
	Home
",Year Range,2024-25,2025-11-17 06:10:02.210396,https://gpsc.gujarat.gov.in/default.aspx,exam
https://gpsc.gujarat.gov.in/default.aspx,"
	Home
",Advertisement Number,38/2024-25,2025-11-17 06:10:02.207385,https://gpsc.gujarat.gov.in/default.aspx,exam
https://gpsc.gujarat.gov.in/default.aspx,"
	Home
",Date,18-10-2025,2025-11-17 06:10:02.202692,https://gpsc.gujarat.gov.in/default.aspx,exam
https://gpsc.gujarat.gov.in/default.aspx,"
	Home
",Date,30-10-2025,2025-11-17 06:10:02.196467,https://gpsc.gujarat.gov.in/default.aspx,exam
https://gpsc.gujarat.gov.in/default.aspx,"
	Home
",Year Range,2024-25,2025-11-17 06:10:02.195179,https://gpsc.gujarat.gov.in/default.aspx,exam
https://gpsc.gujarat.gov.in/default.aspx,"
	Home
",Year Range,2024-25,2025-11-17 06:10:02.193872,https://gpsc.gujarat.gov.in/default.aspx,exam
https://gpsc.gujarat.gov.in/default.aspx,"
	Home
",Date,04-11-2025,2025-11-17 06:10:02.189364,https://gpsc.gujarat.gov.in/default.aspx,exam
https://gpsc.gujarat.gov.in/default.aspx,"
	Home
",Date,04-11-2025,2025-11-17 06:10:02.187008,https://gpsc.gujarat.gov.in/default.aspx,exam
https://gpsc.gujarat.gov.in/default.aspx,"
	Home
",Date,20-11-2025,2025-11-17 06:10:02.177463,https://gpsc.gujarat.gov.in/default.aspx,exam
https://gpsc.gujarat.gov.in/default.aspx,"
	Home
",Year Range,2024-25,2025-11-17 06:10:02.175672,https://gpsc.gujarat.gov.in/default.aspx,exam
https://gpsc.gujarat.gov.in/default.aspx,"
	Home
",Year Range,2024-25,2025-11-17 06:10:02.174347,https://gpsc.gujarat.gov.in/default.aspx,exam
https://gpsc.gujarat.gov.in/default.aspx,"
	Home
",Advertisement Number,170/2024-25,2025-11-17 06:10:02.172626,https://gpsc.gujarat.gov.in/default.aspx,exam
https://gpsc.gujarat.gov.in/default.aspx,"
	Home
",Date,21-11-2025,2025-11-17 06:10:02.168666,https://gpsc.gujarat.gov.in/default.aspx,exam
https://gpsc.gujarat.gov.in/default.aspx,"
	Home
",Year Range,2024-25,2025-11-17 06:10:02.164304,https://gpsc.gujarat.gov.in/default.aspx,exam
https://gpsc.gujarat.gov.in/default.aspx,"
	Home
",Advertisement Number,171/2024-25,2025-11-17 06:10:02.162534,https://gpsc.gujarat.gov.in/default.aspx,exam
https://gpsc.gujarat.gov.in/default.aspx,"
	Home
",Date,10-11-2025,2025-11-17 06:10:02.15906,https://gpsc.gujarat.gov.in/default.aspx,exam
https://gpsc.gujarat.gov.in/default.aspx,"
	Home
",Date,10.11.2025,2025-11-17 06:10:02.157275,https://gpsc.gujarat.gov.in/default.aspx,exam
https://gpsc.gujarat.gov.in/default.aspx,"
	Home
",Year Range,2024-2025,2025-11-17 06:10:02.15565,https://gpsc.gujarat.gov.in/default.aspx,exam
https://gpsc.gujarat.gov.in/default.aspx,"
	Home
",Date,11-11-2025,2025-11-17 06:10:02.15167,https://gpsc.gujarat.gov.in/default.aspx,exam
https://gpsc.gujarat.gov.in/default.aspx,"
	Home
",Year Range,2024-25,2025-11-17 06:10:02.148104,https://gpsc.gujarat.gov.in/default.aspx,exam
https://gpsc.gujarat.gov.in/default.aspx,"
	Home
",Year Range,2024-25,2025-11-17 06:10:02.146299,https://gpsc.gujarat.gov.in/default.aspx,exam
https://gpsc.gujarat.gov.in/default.aspx,"
	Home
",Year Range,2024-25,2025-11-17 06:10:02.144841,https://gpsc.gujarat.gov.in/default.aspx,exam
https://gpsc.gujarat.gov.in/default.aspx,"
	Home
",Advertisement Number,37/2024-25,2025-11-17 06:10:02.143432,https://gpsc.gujarat.gov.in/default.aspx,exam
https://gpsc.gujarat.gov.in/default.aspx,"
	Home
",Date,12-11-2025,2025-11-17 06:10:02.140387,https://gpsc.gujarat.gov.in/default.aspx,exam
https://gpsc.gujarat.gov.in/default.aspx,"
	Home
",Year Range,2024-25,2025-11-17 06:10:02.138335,https://gpsc.gujarat.gov.in/default.aspx,exam
https://gpsc.gujarat.gov.in/default.aspx,"
	Home
",Year Range,2025-26,2025-11-17 06:10:02.133412,https://gpsc.gujarat.gov.in/default.aspx,exam
https://gpsc.gujarat.gov.in/default.aspx,"
	Home
",Advertisement Number,08/2025-26,2025-11-17 06:10:02.130154,https://gpsc.gujarat.gov.in/default.aspx,exam
https://gpsc.gujarat.gov.in/default.aspx,"
	Home
",Date,12-11-2025,2025-11-17 06:10:02.12575,https://gpsc.gujarat.gov.in/default.aspx,exam
https://gpsc.gujarat.gov.in/default.aspx,"
	Home
",Year Range,2024-25,2025-11-17 06:10:02.122785,https://gpsc.gujarat.gov.in/default.aspx,exam
https://gpsc.gujarat.gov.in/default.aspx,"
	Home
",Date,12-11-2025,2025-11-17 06:10:02.118781,https://gpsc.gujarat.gov.in/default.aspx,exam
https://gpsc.gujarat.gov.in/default.aspx,"
	Home
",Year Range,2024-25,2025-11-17 06:10:02.114331,https://gpsc.gujarat.gov.in/default.aspx,exam
https://gpsc.gujarat.gov.in/default.aspx,"
	Home
",Advertisement Number,114/2024-25,2025-11-17 06:10:02.112701,https://gpsc.gujarat.gov.in/default.aspx,exam
https://gpsc.gujarat.gov.in/default.aspx,"
	Home
",Date,12-11-2025,2025-11-17 06:10:02.109604,https://gpsc.gujarat.gov.in/default.aspx,exam
https://gpsc.gujarat.gov.in/default.aspx,"
	Home
",Year Range,2024-25,2025-11-17 06:10:02.108084,https://gpsc.gujarat.gov.in/default.aspx,exam
https://gpsc.gujarat.gov.in/default.aspx,"
	Home
",Advertisement Number,67/2024-25,2025-11-17 06:10:02.106582,https://gpsc.gujarat.gov.in/default.aspx,exam
https://gpsc.gujarat.gov.in/default.aspx,"
	Home
",Year Range,2024-25,2025-11-17 06:10:02.104459,https://gpsc.gujarat.gov.in/default.aspx,exam
https://gpsc.gujarat.gov.in/default.aspx,"
	Home
",Year Range,2024-25,2025-11-17 06:10:02.096113,https://gpsc.gujarat.gov.in/default.aspx,exam
https://gpsc.gujarat.gov.in/default.aspx,"
	Home
",Year Range,2024-25,2025-11-17 06:10:02.093208,https://gpsc.gujarat.gov.in/default.aspx,exam
https://gpsc.gujarat.gov.in/default.aspx,"
	Home
",Year Range,2024-25,2025-11-17 06:10:02.089717,https://gpsc.gujarat.gov.in/default.aspx,exam
https://gpsc.gujarat.gov.in/default.aspx,"
	Home
",Year Range,2024-25,2025-11-17 06:10:02.085734,https://gpsc.gujarat.gov.in/default.aspx,exam
https://gpsc.gujarat.gov.in/default.aspx,"
	Home
",Year Range,2024-25,2025-11-17 06:10:02.079672,https://gpsc.gujarat.gov.in/default.aspx,exam
https://gpsc.gujarat.gov.in/default.aspx,"
	Home
",Date,13-11-2025,2025-11-17 06:10:02.076133,https://gpsc.gujarat.gov.in/default.aspx,exam
https://gpsc.gujarat.gov.in/default.aspx,"
	Home
",Year Range,2024-25,2025-11-17 06:10:02.074612,https://gpsc.gujarat.gov.in/default.aspx,exam
https://gpsc.gujarat.gov.in/default.aspx,"
	Home
",Year Range,2024-25,2025-11-17 06:10:02.07332,https://gpsc.gujarat.gov.in/default.aspx,exam
https://gpsc.gujarat.gov.in/default.aspx,"
	Home
",Advertisement Number,07/2024-25,2025-11-17 06:10:02.071818,https://gpsc.gujarat.gov.in/default.aspx,exam
https://gpsc.gujarat.gov.in/default.aspx,"
	Home
",Year Range,2024-25,2025-11-17 06:10:02.063787,https://gpsc.gujarat.gov.in/default.aspx,exam
https://gpsc.gujarat.gov.in/default.aspx,"
	Home
",Year Range,2025-26,2025-11-17 06:10:02.059817,https://gpsc.gujarat.gov.in/default.aspx,exam
https://gpsc.gujarat.gov.in/default.aspx,"
	Home
",Year Range,2024-25,2025-11-17 06:10:02.05173,https://gpsc.gujarat.gov.in/default.aspx,exam
https://gpsc.gujarat.gov.in/default.aspx,"
	Home
",Year Range,2024-25,2025-11-17 06:10:02.045137,https://gpsc.gujarat.gov.in/default.aspx,exam
https://gpsc.gujarat.gov.in/default.aspx,"
	Home
",Year Range,2024-25,2025-11-17 06:10:02.038618,https://gpsc.gujarat.gov.in/default.aspx,exam
https://gpsc.gujarat.gov.in/default.aspx,"
	Home
",Year Range,2024-25,2025-11-17 06:10:02.030146,https://gpsc.gujarat.gov.in/default.aspx,exam
https://gpsc.gujarat.gov.in/default.aspx,"
	Home
",Year Range,2024-25,2025-11-17 06:10:02.02714,https://gpsc.gujarat.gov.in/default.aspx,exam
https://gpsc.gujarat.gov.in/default.aspx,"
	Home
",Year Range,2024-25,2025-11-17 06:10:02.024302,https://gpsc.gujarat.gov.in/default.aspx,exam
https://gpsc.gujarat.gov.in/default.aspx,"
	Home
",Year Range,2024-25,2025-11-17 06:10:02.018076,https://gpsc.gujarat.gov.in/default.aspx,exam
https://gpsc.gujarat.gov.in/default.aspx,"
	Home
",Year Range,2025-26,2025-11-17 06:10:02.011612,https://gpsc.gujarat.gov.in/default.aspx,exam
https://gpsc.gujarat.gov.in/default.aspx,"
	Home
",Year Range,2024-25,2025-11-17 06:10:02.005151,https://gpsc.gujarat.gov.in/default.aspx,exam
https://gpsc.gujarat.gov.in/default.aspx,"
	Home
",Year Range,2024-25,2025-11-17 06:10:01.997455,https://gpsc.gujarat.gov.in/default.aspx,exam
https://gpsc.gujarat.gov.in/default.aspx,"
	Home
",Year Range,2025-26,2025-11-17 06:10:01.994421,https://gpsc.gujarat.gov.in/default.aspx,exam
https://gpsc.gujarat.gov.in/default.aspx,"
	Home
",Year Range,2025-26,2025-11-17 06:10:01.991361,https://gpsc.gujarat.gov.in/default.aspx,exam
https://gpsc.gujarat.gov.in/default.aspx,"
	Home
",Year Range,2024-25,2025-11-17 06:10:01.987751,https://gpsc.gujarat.gov.in/default.aspx,exam
https://gpsc.gujarat.gov.in/default.aspx,"
	Home
",Year Range,2024-25,2025-11-17 06:10:01.980465,https://gpsc.gujarat.gov.in/default.aspx,exam
https://gpsc.gujarat.gov.in/default.aspx,"
	Home
",Date,14-11-2025,2025-11-17 06:10:01.976113,https://gpsc.gujarat.gov.in/default.aspx,exam
https://gpsc.gujarat.gov.in/default.aspx,"
	Home
",Year Range,2024-25,2025-11-17 06:10:01.97328,https://gpsc.gujarat.gov.in/default.aspx,exam
https://gpsc.gujarat.gov.in/default.aspx,"
	Home
",Year Range,2024-25,2025-11-17 06:10:01.971134,https://gpsc.gujarat.gov.in/default.aspx,exam
https://gpsc.gujarat.gov.in/default.aspx,"
	Home
",Advertisement Number,07/2024-25,2025-11-17 06:10:01.968341,https://gpsc.gujarat.gov.in/default.aspx,exam
https://gpsc.gujarat.gov.in/default.aspx,"
	Home
",Year Range,2024-25,2025-11-17 06:10:01.961154,https://gpsc.gujarat.gov.in/default.aspx,exam
https://gpsc.gujarat.gov.in/default.aspx,"
	Home
",Year Range,2025-26,2025-11-17 06:10:01.953024,https://gpsc.gujarat.gov.in/default.aspx,exam
https://gpsc.gujarat.gov.in/default.aspx,"
	Home
",Year Range,2024-25,2025-11-17 06:10:01.944459,https://gpsc.gujarat.gov.in/default.aspx,exam
https://gpsc.gujarat.gov.in/default.aspx,"
	Home
",Year Range,2024-25,2025-11-17 06:10:01.938049,https://gpsc.gujarat.gov.in/default.aspx,exam
https://gpsc.gujarat.gov.in/default.aspx,"
	Home
",Year Range,2024-25,2025-11-17 06:10:01.930201,https://gpsc.gujarat.gov.in/default.aspx,exam
https://gpsc.gujarat.gov.in/default.aspx,"
	Home
",Year Range,2024-25,2025-11-17 06:10:01.92692,https://gpsc.gujarat.gov.in/default.aspx,exam
https://gpsc.gujarat.gov.in/default.aspx,"
	Home
",Year Range,2024-25,2025-11-17 06:10:01.922935,https://gpsc.gujarat.gov.in/default.aspx,exam
https://gpsc.gujarat.gov.in/default.aspx,"
	Home
",Year Range,2024-25,2025-11-17 06:10:01.912921,https://gpsc.gujarat.gov.in/default.aspx,exam
https://gpsc.gujarat.gov.in/default.aspx,"
	Home
",Year Range,2024-25,2025-11-17 06:10:01.907862,https://gpsc.gujarat.gov.in/default.aspx,exam
https://gpsc.gujarat.gov.in/default.aspx,"
	Home
",Year Range,2024-25,2025-11-17 06:10:01.902529,https://gpsc.gujarat.gov.in/default.aspx,exam
https://gpsc.gujarat.gov.in/default.aspx,"
	Home
",Year Range,2024-25,2025-11-17 06:10:01.896983,https://gpsc.gujarat.gov.in/default.aspx,exam
https://gpsc.gujarat.gov.in/default.aspx,"
	Home
",Year Range,2024-25,2025-11-17 06:10:01.894003,https://gpsc.gujarat.gov.in/default.aspx,exam
https://gpsc.gujarat.gov.in/default.aspx,"
	Home
",Year Range,2024-25,2025-11-17 06:10:01.890986,https://gpsc.gujarat.gov.in/default.aspx,exam
https://gpsc.gujarat.gov.in/default.aspx,"
	Home
",Year Range,2024-25,2025-11-17 06:10:01.887084,https://gpsc.gujarat.gov.in/default.aspx,exam
https://gpsc.gujarat.gov.in/default.aspx,"
	Home
",Year Range,2024-25,2025-11-17 06:10:01.881337,https://gpsc.gujarat.gov.in/default.aspx,exam
https://gpsc.gujarat.gov.in/default.aspx,"
	Home
",Year Range,2024-25,2025-11-17 06:10:01.878208,https://gpsc.gujarat.gov.in/default.aspx,exam
https://gpsc.gujarat.gov.in/default.aspx,"
	Home
",Year Range,2025-26,2025-11-17 06:10:01.87557,https://gpsc.gujarat.gov.in/default.aspx,exam
https://gpsc.gujarat.gov.in/default.aspx,"
	Home
",Year Range,2025-26,2025-11-17 06:10:01.872803,https://gpsc.gujarat.gov.in/default.aspx,exam
https://gpsc.gujarat.gov.in/default.aspx,"
	Home
",Year Range,2024-25,2025-11-17 06:10:01.8692,https://gpsc.gujarat.gov.in/default.aspx,exam
https://gpsc.gujarat.gov.in/default.aspx,"
	Home
",Year Range,2024-25,2025-11-17 06:10:01.864054,https://gpsc.gujarat.gov.in/default.aspx,exam
https://gpsc.gujarat.gov.in/default.aspx,"
	Home
",Year Range,2024-25,2025-11-17 06:10:01.86125,https://gpsc.gujarat.gov.in/default.aspx,exam
https://gpsc.gujarat.gov.in/default.aspx,"
	Home
",Year Range,2024-25,2025-11-17 06:10:01.858619,https://gpsc.gujarat.gov.in/default.aspx,exam
https://gpsc.gujarat.gov.in/default.aspx,"
	Home
",Year Range,2024-25,2025-11-17 06:10:01.855723,https://gpsc.gujarat.gov.in/default.aspx,exam
https://gpsc.gujarat.gov.in/default.aspx,"
	Home
",Year Range,2024-25,2025-11-17 06:10:01.851376,https://gpsc.gujarat.gov.in/default.aspx,exam
https://gpsc.gujarat.gov.in/default.aspx,"
	Home
",Year Range,2024-25,2025-11-17 06:10:01.846286,https://gpsc.gujarat.gov.in/default.aspx,exam
https://gpsc.gujarat.gov.in/default.aspx,"
	Home
",Year Range,2025-26,2025-11-17 06:10:01.84385,https://gpsc.gujarat.gov.in/default.aspx,exam
https://gpsc.gujarat.gov.in/default.aspx,"
	Home
",Year Range,2025-26,2025-11-17 06:10:01.840977,https://gpsc.gujarat.gov.in/default.aspx,exam
https://gpsc.gujarat.gov.in/default.aspx,"
	Home
",Year Range,2024-25,2025-11-17 06:10:01.836681,https://gpsc.gujarat.gov.in/default.aspx,exam
https://gpsc.gujarat.gov.in/default.aspx,"
	Home
",Year Range,2025-26,2025-11-17 06:10:01.830226,https://gpsc.gujarat.gov.in/default.aspx,exam
https://gpsc.gujarat.gov.in/default.aspx,"
	Home
",Year Range,2025-26,2025-11-17 06:10:01.827758,https://gpsc.gujarat.gov.in/default.aspx,exam
https://gpsc.gujarat.gov.in/default.aspx,"
	Home
",Year Range,2025-26,2025-11-17 06:10:01.825233,https://gpsc.gujarat.gov.in/default.aspx,exam
https://gpsc.gujarat.gov.in/default.aspx,"
	Home
",Year Range,2025-26,2025-11-17 06:10:01.822143,https://gpsc.gujarat.gov.in/default.aspx,exam
https://gpsc.gujarat.gov.in/default.aspx,"
	Home
",Year Range,2025-26,2025-11-17 06:10:01.817175,https://gpsc.gujarat.gov.in/default.aspx,exam
https://gpsc.gujarat.gov.in/default.aspx,"
	Home
",Year Range,2025-26,2025-11-17 06:10:01.812264,https://gpsc.gujarat.gov.in/default.aspx,exam
https://gpsc.gujarat.gov.in/default.aspx,"
	Home
",Year Range,2024-25,2025-11-17 06:10:01.809499,https://gpsc.gujarat.gov.in/default.aspx,exam
https://gpsc.gujarat.gov.in/default.aspx,"
	Home
",Year Range,2024-25,2025-11-17 06:10:01.806261,https://gpsc.gujarat.gov.in/default.aspx,exam
https://gpsc.gujarat.gov.in/default.aspx,"
	Home
",Year Range,2024-25,2025-11-17 06:10:01.801733,https://gpsc.gujarat.gov.in/default.aspx,exam
https://gpsc.gujarat.gov.in/default.aspx,"
	Home
",Year Range,2024-25,2025-11-17 06:10:01.795827,https://gpsc.gujarat.gov.in/default.aspx,exam
https://gpsc.gujarat.gov.in/default.aspx,"
	Home
",Date,15-11-2025,2025-11-17 06:10:01.793347,https://gpsc.gujarat.gov.in/default.aspx,exam
https://gpsc.gujarat.gov.in/default.aspx,"
	Home
",Year Range,2024-25,2025-11-17 06:10:01.790584,https://gpsc.gujarat.gov.in/default.aspx,exam
https://gpsc.gujarat.gov.in/default.aspx,"
	Home
",Year Range,2024-25,2025-11-17 06:10:01.786544,https://gpsc.gujarat.gov.in/default.aspx,exam
https://gpsc.gujarat.gov.in/default.aspx,"
	Home
",Year Range,2025-26,2025-11-17 06:10:01.779812,https://gpsc.gujarat.gov.in/default.aspx,exam
https://gpsc.gujarat.gov.in/default.aspx,"
	Home
",Year Range,2025-26,2025-11-17 06:10:01.778108,https://gpsc.gujarat.gov.in/default.aspx,exam
https://gpsc.gujarat.gov.in/default.aspx,"
	Home
",Year Range,2025-26,2025-11-17 06:10:01.776604,https://gpsc.gujarat.gov.in/default.aspx,exam
https://gpsc.gujarat.gov.in/default.aspx,"
	Home
",Advertisement Number,2/2025-26,2025-11-17 06:10:01.77327,https://gpsc.gujarat.gov.in/default.aspx,exam
https://gpsc.gujarat.gov.in/default.aspx,"
	Home
",Year Range,2024-25,2025-11-17 06:10:01.769012,https://gpsc.gujarat.gov.in/default.aspx,exam
https://gpsc.gujarat.gov.in/default.aspx,"
	Home
",Year Range,2024-25,2025-11-17 06:10:01.76322,https://gpsc.gujarat.gov.in/default.aspx,exam
https://gpsc.gujarat.gov.in/default.aspx,"
	Home
",Year Range,2024-25,2025-11-17 06:10:01.759923,https://gpsc.gujarat.gov.in/default.aspx,exam
https://gpsc.gujarat.gov.in/default.aspx,"
	Home
",Year Range,2024-25,2025-11-17 06:10:01.756267,https://gpsc.gujarat.gov.in/default.aspx,exam
https://upsc.gov.in/sites/default/files/250625-RollList-WR-CISF-25-Engl.pdf,Document: 250625-RollList-WR-CISF-25-Engl.pdf,Date,27.04.2025,2025-11-17 06:09:20.892095,https://upsc.gov.in/examinations/CISF%20AC%28EXE%29%20LDCE-2025,examination
https://upsc.gov.in/sites/default/files/TT-CISF-AC-EXE-LDCE-2025-Eng-270325.pdf,Document: TT-CISF-AC-EXE-LDCE-2025-Eng-270325.pdf,Date,27.04.2025,2025-11-17 06:09:20.196312,https://upsc.gov.in/examinations/CISF%20AC%28EXE%29%20LDCE-2025,examination
https://upsc.gov.in/sites/default/files/Notif-CISF-AC-EXE-LDCE-25-Engl-041224.pdf,Document: Notif-CISF-AC-EXE-LDCE-25-Engl-041224.pdf,Date,31.05.2021,2025-11-17 06:09:19.908036,https://upsc.gov.in/examinations/CISF%20AC%28EXE%29%20LDCE-2025,examination
https://upsc.gov.in/sites/default/files/Notif-CISF-AC-EXE-LDCE-25-Engl-041224.pdf,Document: Notif-CISF-AC-EXE-LDCE-25-Engl-041224.pdf,Date,20.05.2015,2025-11-17 06:09:19.906536,https://upsc.gov.in/examinations/CISF%20AC%28EXE%29%20LDCE-2025,examination
https://upsc.gov.in/sites/default/files/Notif-CISF-AC-EXE-LDCE-25-Engl-041224.pdf,Document: Notif-CISF-AC-EXE-LDCE-25-Engl-041224.pdf,Post,"OF 
ASSISTANT COMMANDANTS IN THE CISF SELECTED THROUGH LIMITED 
DEPARTMETNAL COM",2025-11-17 06:09:19.870408,https://upsc.gov.in/examinations/CISF%20AC%28EXE%29%20LDCE-2025,examination
https://upsc.gov.in/sites/default/files/Notif-CISF-AC-EXE-LDCE-25-Engl-041224.pdf,Document: Notif-CISF-AC-EXE-LDCE-25-Engl-041224.pdf,Post,"of Assistant Commandants in Central Industrial Security Force   
 
(I) Scheme of",2025-11-17 06:09:19.863149,https://upsc.gov.in/examinations/CISF%20AC%28EXE%29%20LDCE-2025,examination
https://upsc.gov.in/sites/default/files/Notif-CISF-AC-EXE-LDCE-25-Engl-041224.pdf,Document: Notif-CISF-AC-EXE-LDCE-25-Engl-041224.pdf,Post,"of Assistant 
Commandants (Executive) for training and medical examination",2025-11-17 06:09:19.859271,https://upsc.gov.in/examinations/CISF%20AC%28EXE%29%20LDCE-2025,examination
https://upsc.gov.in/sites/default/files/Notif-CISF-AC-EXE-LDCE-25-Engl-041224.pdf,Document: Notif-CISF-AC-EXE-LDCE-25-Engl-041224.pdf,Date,28.01.2009,2025-11-17 06:09:19.856631,https://upsc.gov.in/examinations/CISF%20AC%28EXE%29%20LDCE-2025,examination
https://upsc.gov.in/sites/default/files/Notif-CISF-AC-EXE-LDCE-25-Engl-041224.pdf,Document: Notif-CISF-AC-EXE-LDCE-25-Engl-041224.pdf,Post,(a)   Leadership,2025-11-17 06:09:19.846893,https://upsc.gov.in/examinations/CISF%20AC%28EXE%29%20LDCE-2025,examination
https://upsc.gov.in/sites/default/files/Notif-CISF-AC-EXE-LDCE-25-Engl-041224.pdf,Document: Notif-CISF-AC-EXE-LDCE-25-Engl-041224.pdf,Post,"kept reserved for and allow the benefit of seniority in accordance with the 
ins",2025-11-17 06:09:19.83959,https://upsc.gov.in/examinations/CISF%20AC%28EXE%29%20LDCE-2025,examination
https://upsc.gov.in/sites/default/files/Notif-CISF-AC-EXE-LDCE-25-Engl-041224.pdf,Document: Notif-CISF-AC-EXE-LDCE-25-Engl-041224.pdf,Post,"against which a woman candidate was selected should be 
kept reserved for her",2025-11-17 06:09:19.832815,https://upsc.gov.in/examinations/CISF%20AC%28EXE%29%20LDCE-2025,examination
https://upsc.gov.in/sites/default/files/Notif-CISF-AC-EXE-LDCE-25-Engl-041224.pdf,Document: Notif-CISF-AC-EXE-LDCE-25-Engl-041224.pdf,Post,year,2025-11-17 06:09:19.81057,https://upsc.gov.in/examinations/CISF%20AC%28EXE%29%20LDCE-2025,examination
https://upsc.gov.in/sites/default/files/Notif-CISF-AC-EXE-LDCE-25-Engl-041224.pdf,Document: Notif-CISF-AC-EXE-LDCE-25-Engl-041224.pdf,Date,"04 December, 2024",2025-11-17 06:09:19.808067,https://upsc.gov.in/examinations/CISF%20AC%28EXE%29%20LDCE-2025,examination
https://upsc.gov.in/sites/default/files/Notif-CISF-AC-EXE-LDCE-25-Engl-041224.pdf,Document: Notif-CISF-AC-EXE-LDCE-25-Engl-041224.pdf,Date,24.12.2024,2025-11-17 06:09:19.798938,https://upsc.gov.in/examinations/CISF%20AC%28EXE%29%20LDCE-2025,examination
https://upsc.gov.in/sites/default/files/Notif-CISF-AC-EXE-LDCE-25-Engl-041224.pdf,Document: Notif-CISF-AC-EXE-LDCE-25-Engl-041224.pdf,Date,10.01.2025,2025-11-17 06:09:19.794927,https://upsc.gov.in/examinations/CISF%20AC%28EXE%29%20LDCE-2025,examination
https://upsc.gov.in/sites/default/files/Notif-CISF-AC-EXE-LDCE-25-Engl-041224.pdf,Document: Notif-CISF-AC-EXE-LDCE-25-Engl-041224.pdf,Date,31.12.2024,2025-11-17 06:09:19.792083,https://upsc.gov.in/examinations/CISF%20AC%28EXE%29%20LDCE-2025,examination
https://upsc.gov.in/sites/default/files/Notif-CISF-AC-EXE-LDCE-25-Engl-041224.pdf,Document: Notif-CISF-AC-EXE-LDCE-25-Engl-041224.pdf,Date,25.12.2024,2025-11-17 06:09:19.790498,https://upsc.gov.in/examinations/CISF%20AC%28EXE%29%20LDCE-2025,examination
https://upsc.gov.in/sites/default/files/Notif-CISF-AC-EXE-LDCE-25-Engl-041224.pdf,Document: Notif-CISF-AC-EXE-LDCE-25-Engl-041224.pdf,Date,31.12.2024,2025-11-17 06:09:19.785227,https://upsc.gov.in/examinations/CISF%20AC%28EXE%29%20LDCE-2025,examination
https://upsc.gov.in/sites/default/files/Notif-CISF-AC-EXE-LDCE-25-Engl-041224.pdf,Document: Notif-CISF-AC-EXE-LDCE-25-Engl-041224.pdf,Date,31.12.2024,2025-11-17 06:09:19.767666,https://upsc.gov.in/examinations/CISF%20AC%28EXE%29%20LDCE-2025,examination
https://upsc.gov.in/sites/default/files/Notif-CISF-AC-EXE-LDCE-25-Engl-041224.pdf,Document: Notif-CISF-AC-EXE-LDCE-25-Engl-041224.pdf,Date,25.12.2024,2025-11-17 06:09:19.763788,https://upsc.gov.in/examinations/CISF%20AC%28EXE%29%20LDCE-2025,examination
https://upsc.gov.in/sites/default/files/Notif-CISF-AC-EXE-LDCE-25-Engl-041224.pdf,Document: Notif-CISF-AC-EXE-LDCE-25-Engl-041224.pdf,Date,31.12.2024,2025-11-17 06:09:19.760448,https://upsc.gov.in/examinations/CISF%20AC%28EXE%29%20LDCE-2025,examination
https://upsc.gov.in/sites/default/files/Notif-CISF-AC-EXE-LDCE-25-Engl-041224.pdf,Document: Notif-CISF-AC-EXE-LDCE-25-Engl-041224.pdf,Date,04.12.2024,2025-11-17 06:09:19.741819,https://upsc.gov.in/examinations/CISF%20AC%28EXE%29%20LDCE-2025,examination
https://upsc.gov.in/sites/default/files/Intv-CISF-2025-Engl-290825.pdf,Document: Intv-CISF-2025-Engl-290825.pdf,Date,10.09.2025,2025-11-17 06:09:17.287535,https://upsc.gov.in/examinations/CISF%20AC%28EXE%29%20LDCE-2025,examination
https://upsc.gov.in/sites/default/files/WR-NameList-CISF-25-Engl-180725.pdf,Document: WR-NameList-CISF-25-Engl-180725.pdf,Date,27.04.2025,2025-11-17 06:09:16.773391,https://upsc.gov.in/examinations/CISF%20AC%28EXE%29%20LDCE-2025,examination
https://upsc.gov.in/examinations/CISF%20AC%28EXE%29%20LDCE-2025,CISF AC(EXE) LDCE-2025 | UPSC,Date,29/08/2025,2025-11-17 06:09:15.587566,https://upsc.gov.in/examinations/CISF%20AC%28EXE%29%20LDCE-2025,examination
https://upsc.gov.in/examinations/CISF%20AC%28EXE%29%20LDCE-2025,CISF AC(EXE) LDCE-2025 | UPSC,Date,18/07/2025,2025-11-17 06:09:15.583181,https://upsc.gov.in/examinations/CISF%20AC%28EXE%29%20LDCE-2025,examination
https://upsc.gov.in/examinations/CISF%20AC%28EXE%29%20LDCE-2025,CISF AC(EXE) LDCE-2025 | UPSC,Date,25/06/2025,2025-11-17 06:09:15.579823,https://upsc.gov.in/examinations/CISF%20AC%28EXE%29%20LDCE-2025,examination
https://upsc.gov.in/examinations/CISF%20AC%28EXE%29%20LDCE-2025,CISF AC(EXE) LDCE-2025 | UPSC,Date,28/04/2025,2025-11-17 06:09:15.577766,https://upsc.gov.in/examinations/CISF%20AC%28EXE%29%20LDCE-2025,examination
https://upsc.gov.in/examinations/CISF%20AC%28EXE%29%20LDCE-2025,CISF AC(EXE) LDCE-2025 | UPSC,Date,27/03/2025,2025-11-17 06:09:15.576193,https://upsc.gov.in/examinations/CISF%20AC%28EXE%29%20LDCE-2025,examination
https://upsc.gov.in/examinations/CISF%20AC%28EXE%29%20LDCE-2025,CISF AC(EXE) LDCE-2025 | UPSC,Exam,TT-CISF-AC-EXE-LDCE-2025-Eng-270325.pdf,2025-11-17 06:09:15.574333,https://upsc.gov.in/examinations/CISF%20AC%28EXE%29%20LDCE-2025,examination
https://upsc.gov.in/examinations/CISF%20AC%28EXE%29%20LDCE-2025,CISF AC(EXE) LDCE-2025 | UPSC,Date,17/04/2025,2025-11-17 06:09:15.570733,https://upsc.gov.in/examinations/CISF%20AC%28EXE%29%20LDCE-2025,examination
https://upsc.gov.in/examinations/CISF%20AC%28EXE%29%20LDCE-2025,CISF AC(EXE) LDCE-2025 | UPSC,Date,20/06/2025,2025-11-17 06:09:15.56406,https://upsc.gov.in/examinations/CISF%20AC%28EXE%29%20LDCE-2025,examination
https://upsc.gov.in/examinations/CISF%20AC%28EXE%29%20LDCE-2025,CISF AC(EXE) LDCE-2025 | UPSC,Date,05/03/2025,2025-11-17 06:09:15.561999,https://upsc.gov.in/examinations/CISF%20AC%28EXE%29%20LDCE-2025,examination
https://upsc.gov.in/examinations/CISF%20AC%28EXE%29%20LDCE-2025,CISF AC(EXE) LDCE-2025 | UPSC,Date,04/12/2024,2025-11-17 06:09:15.552455,https://upsc.gov.in/examinations/CISF%20AC%28EXE%29%20LDCE-2025,examination
https://upsc.gov.in/examinations/CISF%20AC%28EXE%29%20LDCE-2025,CISF AC(EXE) LDCE-2025 | UPSC,Date,24/12/2024,2025-11-17 06:09:15.545782,https://upsc.gov.in/examinations/CISF%20AC%28EXE%29%20LDCE-2025,examination
https://upsc.gov.in/examinations/CISF%20AC%28EXE%29%20LDCE-2025,CISF AC(EXE) LDCE-2025 | UPSC,Date,27/04/2025,2025-11-17 06:09:15.541271,https://upsc.gov.in/examinations/CISF%20AC%28EXE%29%20LDCE-2025,examination
https://upsc.gov.in/examinations/CISF%20AC%28EXE%29%20LDCE-2025,CISF AC(EXE) LDCE-2025 | UPSC,Date,04/12/2024,2025-11-17 06:09:15.530163,https://upsc.gov.in/examinations/CISF%20AC%28EXE%29%20LDCE-2025,examination
https://upsc.gov.in/examinations/CISF%20AC%28EXE%29%20LDCE-2025,CISF AC(EXE) LDCE-2025 | UPSC,Exam,CISF AC(EXE) LDCE-2025,2025-11-17 06:09:15.514586,https://upsc.gov.in/examinations/CISF%20AC%28EXE%29%20LDCE-2025,examination
https://gpsc.gujarat.gov.in/Documents/AdvertismentDocument/2018-1-31_985.pdf,Document: 2018-1-31_985.pdf,Date,"18 Feb-
2018",2025-11-17 06:09:12.777703,https://gpsc.gujarat.gov.in/ExamCalendarforUPSC,exam
https://gpsc.gujarat.gov.in/Documents/AdvertismentDocument/2018-1-31_985.pdf,Document: 2018-1-31_985.pdf,Date,"15 April -
2018",2025-11-17 06:09:12.774573,https://gpsc.gujarat.gov.in/ExamCalendarforUPSC,exam
https://gpsc.gujarat.gov.in/Documents/2017-10-26_7.pdf,Document: 2017-10-26_7.pdf,Date,15.12.2018,2025-11-17 06:09:04.920161,https://gpsc.gujarat.gov.in/ExamCalendarforUPSC,exam
https://gpsc.gujarat.gov.in/Documents/2017-10-26_7.pdf,Document: 2017-10-26_7.pdf,Date,05.10.2018,2025-11-17 06:09:04.9167,https://gpsc.gujarat.gov.in/ExamCalendarforUPSC,exam
https://gpsc.gujarat.gov.in/Documents/2017-10-26_7.pdf,Document: 2017-10-26_7.pdf,Date,12.09.2018,2025-11-17 06:09:04.913064,https://gpsc.gujarat.gov.in/ExamCalendarforUPSC,exam
https://gpsc.gujarat.gov.in/Documents/2017-10-26_7.pdf,Document: 2017-10-26_7.pdf,Date,02.12.2018,2025-11-17 06:09:04.911542,https://gpsc.gujarat.gov.in/ExamCalendarforUPSC,exam
https://gpsc.gujarat.gov.in/Documents/2017-10-26_7.pdf,Document: 2017-10-26_7.pdf,Date,25.11.2018,2025-11-17 06:09:04.910092,https://gpsc.gujarat.gov.in/ExamCalendarforUPSC,exam
https://gpsc.gujarat.gov.in/Documents/2017-10-26_7.pdf,Document: 2017-10-26_7.pdf,Date,18.11.2018,2025-11-17 06:09:04.908563,https://gpsc.gujarat.gov.in/ExamCalendarforUPSC,exam
https://gpsc.gujarat.gov.in/Documents/2017-10-26_7.pdf,Document: 2017-10-26_7.pdf,Date,03.09.2018,2025-11-17 06:09:04.906951,https://gpsc.gujarat.gov.in/ExamCalendarforUPSC,exam
https://gpsc.gujarat.gov.in/Documents/2017-10-26_7.pdf,Document: 2017-10-26_7.pdf,Date,08.08.2018,2025-11-17 06:09:04.904781,https://gpsc.gujarat.gov.in/ExamCalendarforUPSC,exam
https://gpsc.gujarat.gov.in/Documents/2017-10-26_7.pdf,Document: 2017-10-26_7.pdf,Date,28.10.2018,2025-11-17 06:09:04.903092,https://gpsc.gujarat.gov.in/ExamCalendarforUPSC,exam
https://gpsc.gujarat.gov.in/Documents/2017-10-26_7.pdf,Document: 2017-10-26_7.pdf,Date,01.10.2018,2025-11-17 06:09:04.900886,https://gpsc.gujarat.gov.in/ExamCalendarforUPSC,exam
https://gpsc.gujarat.gov.in/Documents/2017-10-26_7.pdf,Document: 2017-10-26_7.pdf,Date,23.09.2018,2025-11-17 06:09:04.897412,https://gpsc.gujarat.gov.in/ExamCalendarforUPSC,exam
https://gpsc.gujarat.gov.in/Documents/2017-10-26_7.pdf,Document: 2017-10-26_7.pdf,Date,09.09.2018,2025-11-17 06:09:04.895873,https://gpsc.gujarat.gov.in/ExamCalendarforUPSC,exam
https://gpsc.gujarat.gov.in/Documents/2017-10-26_7.pdf,Document: 2017-10-26_7.pdf,Date,02.07.2018,2025-11-17 06:09:04.894576,https://gpsc.gujarat.gov.in/ExamCalendarforUPSC,exam
https://gpsc.gujarat.gov.in/Documents/2017-10-26_7.pdf,Document: 2017-10-26_7.pdf,Date,06.06.2018,2025-11-17 06:09:04.893278,https://gpsc.gujarat.gov.in/ExamCalendarforUPSC,exam
https://gpsc.gujarat.gov.in/Documents/2017-10-26_7.pdf,Document: 2017-10-26_7.pdf,Date,19.08.2018,2025-11-17 06:09:04.891952,https://gpsc.gujarat.gov.in/ExamCalendarforUPSC,exam
https://gpsc.gujarat.gov.in/Documents/2017-10-26_7.pdf,Document: 2017-10-26_7.pdf,Date,12.08.2018,2025-11-17 06:09:04.890649,https://gpsc.gujarat.gov.in/ExamCalendarforUPSC,exam
https://gpsc.gujarat.gov.in/Documents/2017-10-26_7.pdf,Document: 2017-10-26_7.pdf,Date,21.05.2018,2025-11-17 06:09:04.889357,https://gpsc.gujarat.gov.in/ExamCalendarforUPSC,exam
https://gpsc.gujarat.gov.in/Documents/2017-10-26_7.pdf,Document: 2017-10-26_7.pdf,Date,25.04.2018,2025-11-17 06:09:04.887724,https://gpsc.gujarat.gov.in/ExamCalendarforUPSC,exam
https://gpsc.gujarat.gov.in/Documents/2017-10-26_7.pdf,Document: 2017-10-26_7.pdf,Date,29.07.2018,2025-11-17 06:09:04.885348,https://gpsc.gujarat.gov.in/ExamCalendarforUPSC,exam
https://gpsc.gujarat.gov.in/Documents/2017-10-26_7.pdf,Document: 2017-10-26_7.pdf,Date,22.07.2018,2025-11-17 06:09:04.880633,https://gpsc.gujarat.gov.in/ExamCalendarforUPSC,exam
https://gpsc.gujarat.gov.in/Documents/2017-10-26_7.pdf,Document: 2017-10-26_7.pdf,Date,07.05.2018,2025-11-17 06:09:04.87908,https://gpsc.gujarat.gov.in/ExamCalendarforUPSC,exam
https://gpsc.gujarat.gov.in/Documents/2017-10-26_7.pdf,Document: 2017-10-26_7.pdf,Date,11.04.2018,2025-11-17 06:09:04.877666,https://gpsc.gujarat.gov.in/ExamCalendarforUPSC,exam
https://gpsc.gujarat.gov.in/Documents/2017-10-26_7.pdf,Document: 2017-10-26_7.pdf,Date,01.07.2018,2025-11-17 06:09:04.87618,https://gpsc.gujarat.gov.in/ExamCalendarforUPSC,exam
https://gpsc.gujarat.gov.in/Documents/2017-10-26_7.pdf,Document: 2017-10-26_7.pdf,Date,29.6.2018,2025-11-17 06:09:04.874657,https://gpsc.gujarat.gov.in/ExamCalendarforUPSC,exam
https://gpsc.gujarat.gov.in/Documents/2017-10-26_7.pdf,Document: 2017-10-26_7.pdf,Date,16.04.2018,2025-11-17 06:09:04.873148,https://gpsc.gujarat.gov.in/ExamCalendarforUPSC,exam
https://gpsc.gujarat.gov.in/Documents/2017-10-26_7.pdf,Document: 2017-10-26_7.pdf,Date,21.03.2018,2025-11-17 06:09:04.871184,https://gpsc.gujarat.gov.in/ExamCalendarforUPSC,exam
https://gpsc.gujarat.gov.in/Documents/2017-10-26_7.pdf,Document: 2017-10-26_7.pdf,Date,29.6.2018,2025-11-17 06:09:04.868637,https://gpsc.gujarat.gov.in/ExamCalendarforUPSC,exam
https://gpsc.gujarat.gov.in/Documents/2017-10-26_7.pdf,Document: 2017-10-26_7.pdf,Date,16.04.2018,2025-11-17 06:09:04.863739,https://gpsc.gujarat.gov.in/ExamCalendarforUPSC,exam
https://gpsc.gujarat.gov.in/Documents/2017-10-26_7.pdf,Document: 2017-10-26_7.pdf,Date,21.03.2018,2025-11-17 06:09:04.862139,https://gpsc.gujarat.gov.in/ExamCalendarforUPSC,exam
https://gpsc.gujarat.gov.in/Documents/2017-10-26_7.pdf,Document: 2017-10-26_7.pdf,Date,03.06.2018,2025-11-17 06:09:04.860625,https://gpsc.gujarat.gov.in/ExamCalendarforUPSC,exam
https://gpsc.gujarat.gov.in/Documents/2017-10-26_7.pdf,Document: 2017-10-26_7.pdf,Date,06.03.2018,2025-11-17 06:09:04.859009,https://gpsc.gujarat.gov.in/ExamCalendarforUPSC,exam
https://gpsc.gujarat.gov.in/Documents/2017-10-26_7.pdf,Document: 2017-10-26_7.pdf,Date,22.04.2018,2025-11-17 06:09:04.857321,https://gpsc.gujarat.gov.in/ExamCalendarforUPSC,exam
https://gpsc.gujarat.gov.in/Documents/2017-10-26_7.pdf,Document: 2017-10-26_7.pdf,Date,05.02.2018,2025-11-17 06:09:04.855211,https://gpsc.gujarat.gov.in/ExamCalendarforUPSC,exam
https://gpsc.gujarat.gov.in/Documents/2017-10-26_7.pdf,Document: 2017-10-26_7.pdf,Date,10.01.2018,2025-11-17 06:09:04.852569,https://gpsc.gujarat.gov.in/ExamCalendarforUPSC,exam
https://gpsc.gujarat.gov.in/Documents/2017-10-26_7.pdf,Document: 2017-10-26_7.pdf,Date,11.03.2018,2025-11-17 06:09:04.847819,https://gpsc.gujarat.gov.in/ExamCalendarforUPSC,exam
https://gpsc.gujarat.gov.in/Documents/2017-10-26_7.pdf,Document: 2017-10-26_7.pdf,Date,04.03.2018,2025-11-17 06:09:04.845722,https://gpsc.gujarat.gov.in/ExamCalendarforUPSC,exam
https://gpsc.gujarat.gov.in/Documents/2017-10-26_7.pdf,Document: 2017-10-26_7.pdf,Date,29.12.2017,2025-11-17 06:09:04.844069,https://gpsc.gujarat.gov.in/ExamCalendarforUPSC,exam
https://gpsc.gujarat.gov.in/Documents/2017-10-26_7.pdf,Document: 2017-10-26_7.pdf,Date,06.12.2017,2025-11-17 06:09:04.84227,https://gpsc.gujarat.gov.in/ExamCalendarforUPSC,exam
https://gpsc.gujarat.gov.in/Documents/2017-10-26_7.pdf,Document: 2017-10-26_7.pdf,Date,25.02.2018,2025-11-17 06:09:04.84031,https://gpsc.gujarat.gov.in/ExamCalendarforUPSC,exam
https://gpsc.gujarat.gov.in/Documents/2017-10-26_7.pdf,Document: 2017-10-26_7.pdf,Date,04.02.2018,2025-11-17 06:09:04.837881,https://gpsc.gujarat.gov.in/ExamCalendarforUPSC,exam
https://gpsc.gujarat.gov.in/Documents/2017-10-26_7.pdf,Document: 2017-10-26_7.pdf,Date,04.12.2017,2025-11-17 06:09:04.835206,https://gpsc.gujarat.gov.in/ExamCalendarforUPSC,exam
https://gpsc.gujarat.gov.in/Documents/2017-10-26_7.pdf,Document: 2017-10-26_7.pdf,Date,08.11.2017,2025-11-17 06:09:04.83033,https://gpsc.gujarat.gov.in/ExamCalendarforUPSC,exam
https://gpsc.gujarat.gov.in/Documents/2017-10-26_7.pdf,Document: 2017-10-26_7.pdf,Date,21.01.2018,2025-11-17 06:09:04.828622,https://gpsc.gujarat.gov.in/ExamCalendarforUPSC,exam
https://gpsc.gujarat.gov.in/Documents/2017-10-26_7.pdf,Document: 2017-10-26_7.pdf,Date,07.01.2018,2025-11-17 06:09:04.827063,https://gpsc.gujarat.gov.in/ExamCalendarforUPSC,exam
https://gpsc.gujarat.gov.in/Documents/2017-10-26_7.pdf,Document: 2017-10-26_7.pdf,Date,23.10.2017,2025-11-17 06:09:04.825171,https://gpsc.gujarat.gov.in/ExamCalendarforUPSC,exam
https://gpsc.gujarat.gov.in/Documents/2017-10-26_7.pdf,Document: 2017-10-26_7.pdf,Date,27.09.2017,2025-11-17 06:09:04.823223,https://gpsc.gujarat.gov.in/ExamCalendarforUPSC,exam
https://upsc.gov.in/examinations/active-exams,Active Examinations | UPSC,Exam,"*   Civil Services (Main) Examination, 2024",2025-11-17 06:09:04.061462,https://upsc.gov.in/examinations/active-exams,examination
https://upsc.gov.in/examinations/active-exams,Active Examinations | UPSC,Exam,"*   Combined Geo-Scientist (Preliminary) Examination, 2025",2025-11-17 06:09:04.060084,https://upsc.gov.in/examinations/active-exams,examination
https://upsc.gov.in/examinations/active-exams,Active Examinations | UPSC,Exam,"*   Engineering Services (Preliminary) Examination, 2025",2025-11-17 06:09:04.058634,https://upsc.gov.in/examinations/active-exams,examination
https://upsc.gov.in/examinations/active-exams,Active Examinations | UPSC,Exam,*   CISF AC(EXE) LDCE-2025,2025-11-17 06:09:04.05642,https://upsc.gov.in/examinations/active-exams,examination
https://upsc.gov.in/examinations/active-exams,Active Examinations | UPSC,Exam,"*   Combined Defence Services Examination (I), 2025",2025-11-17 06:09:04.054561,https://upsc.gov.in/examinations/active-exams,examination
https://upsc.gov.in/examinations/active-exams,Active Examinations | UPSC,Exam,"*   National Defence Academy and Naval Academy Examination (I), 2025",2025-11-17 06:09:04.052634,https://upsc.gov.in/examinations/active-exams,examination
https://upsc.gov.in/examinations/active-exams,Active Examinations | UPSC,Exam,"*   Civil Services (Preliminary) Examination, 2025",2025-11-17 06:09:04.048228,https://upsc.gov.in/examinations/active-exams,examination
https://upsc.gov.in/examinations/active-exams,Active Examinations | UPSC,Exam,"*   Indian Forest Service (Preliminary) Examination, 2025 through CS(P) Examination 2025",2025-11-17 06:09:04.046082,https://upsc.gov.in/examinations/active-exams,examination
https://upsc.gov.in/examinations/active-exams,Active Examinations | UPSC,Exam,"*   Indian Economic Service - Indian Statistical Service Examination, 2025",2025-11-17 06:09:04.044849,https://upsc.gov.in/examinations/active-exams,examination
https://upsc.gov.in/examinations/active-exams,Active Examinations | UPSC,Exam,"*   Combined Medical Services Examination, 2025",2025-11-17 06:09:04.043645,https://upsc.gov.in/examinations/active-exams,examination
https://upsc.gov.in/examinations/active-exams,Active Examinations | UPSC,Exam,"*   Central Armed Police Forces (ACs) Examination, 2025",2025-11-17 06:09:04.042423,https://upsc.gov.in/examinations/active-exams,examination
https://upsc.gov.in/examinations/active-exams,Active Examinations | UPSC,Exam,"*   Combined Geo-Scientist (Main) Examination, 2025",2025-11-17 06:09:04.041062,https://upsc.gov.in/examinations/active-exams,examination
https://upsc.gov.in/examinations/active-exams,Active Examinations | UPSC,Exam,"*   Indian Economic Service Examination, 2025",2025-11-17 06:09:04.039628,https://upsc.gov.in/examinations/active-exams,examination
https://upsc.gov.in/examinations/active-exams,Active Examinations | UPSC,Exam,"*   Indian Statistical Service Examination, 2025",2025-11-17 06:09:04.03762,https://upsc.gov.in/examinations/active-exams,examination
https://upsc.gov.in/examinations/active-exams,Active Examinations | UPSC,Exam,"*   Combined Defence Services Examination (II), 2025",2025-11-17 06:09:04.034485,https://upsc.gov.in/examinations/active-exams,examination
https://upsc.gov.in/examinations/active-exams,Active Examinations | UPSC,Exam,"*   National Defence Academy and Naval Academy Examination (II), 2025",2025-11-17 06:09:04.030432,https://upsc.gov.in/examinations/active-exams,examination
https://upsc.gov.in/examinations/active-exams,Active Examinations | UPSC,Exam,"*   Engineering Services (Main) Examination, 2025",2025-11-17 06:09:04.028839,https://upsc.gov.in/examinations/active-exams,examination
https://upsc.gov.in/examinations/active-exams,Active Examinations | UPSC,Exam,"*   Civil Services (Main) Examination, 2025",2025-11-17 06:09:04.027302,https://upsc.gov.in/examinations/active-exams,examination
https://upsc.gov.in/examinations/active-exams,Active Examinations | UPSC,Exam,"*   Indian Forest Service (Main) Examination, 2025",2025-11-17 06:09:04.024495,https://upsc.gov.in/examinations/active-exams,examination
https://upsc.gov.in/examinations/active-exams,Active Examinations | UPSC,Exam,"*   Combined Geo-Scientist (Preliminary) Examination, 2026",2025-11-17 06:09:04.021094,https://upsc.gov.in/examinations/active-exams,examination
https://upsc.gov.in/examinations/active-exams,Active Examinations | UPSC,Exam,"*   Combined Section Officers' (Grade 'B') LDCE-2025 and Combined Stenographers' (Grade 'B'-Grade-'I') LDCE-2019, 2020 & 2021",2025-11-17 06:09:04.0157,https://upsc.gov.in/examinations/active-exams,examination
https://upsc.gov.in/examinations/active-exams,Active Examinations | UPSC,Exam,"*   Engineering Services (Preliminary) Examination, 2026",2025-11-17 06:09:04.012205,https://upsc.gov.in/examinations/active-exams,examination
https://gpsc.gujarat.gov.in/ExamCalendarforUPSC,"
	Advertisement and Exam Calendar for GPSC and UPSC
",Year Range,2017-10,2025-11-17 06:09:01.945876,https://gpsc.gujarat.gov.in/ExamCalendarforUPSC,exam
https://gpsc.gujarat.gov.in/ExamCalendarforUPSC,"
	Advertisement and Exam Calendar for GPSC and UPSC
",Year Range,2017-10,2025-11-17 06:09:01.931095,https://gpsc.gujarat.gov.in/ExamCalendarforUPSC,exam
https://gpsc.gujarat.gov.in/ExamCalendarforUPSC,"
	Advertisement and Exam Calendar for GPSC and UPSC
",Year Range,2025-11,2025-11-17 06:09:01.906911,https://gpsc.gujarat.gov.in/ExamCalendarforUPSC,exam
https://gpsc.gujarat.gov.in/ExamCalendarforUPSC,"
	Advertisement and Exam Calendar for GPSC and UPSC
",Date,14.11.2025,2025-11-17 06:09:01.902285,https://gpsc.gujarat.gov.in/ExamCalendarforUPSC,exam
https://gpsc.gujarat.gov.in/ExamCalendarforUPSC,"
	Advertisement and Exam Calendar for GPSC and UPSC
",Year Range,2024-2025,2025-11-17 06:09:01.897717,https://gpsc.gujarat.gov.in/ExamCalendarforUPSC,exam
https://gpsc.gujarat.gov.in/ExamCalendarforUPSC,"
	Advertisement and Exam Calendar for GPSC and UPSC
",Exam,"GPSC-Updated Calendar for the Examinations conducted/to be conducted during the year 2024-2025-26, Advertisementwise and Monthwise as on 14.11.2025",2025-11-17 06:09:01.895425,https://gpsc.gujarat.gov.in/ExamCalendarforUPSC,exam
https://gpsc.gujarat.gov.in/ExamCalendarforUPSC,"
	Advertisement and Exam Calendar for GPSC and UPSC
",Date,10-11-2025,2025-11-17 06:09:01.893727,https://gpsc.gujarat.gov.in/ExamCalendarforUPSC,exam
https://gpsc.gujarat.gov.in/ExamCalendarforUPSC,"
	Advertisement and Exam Calendar for GPSC and UPSC
",Date,10.11.2025,2025-11-17 06:09:01.891473,https://gpsc.gujarat.gov.in/ExamCalendarforUPSC,exam
https://gpsc.gujarat.gov.in/ExamCalendarforUPSC,"
	Advertisement and Exam Calendar for GPSC and UPSC
",Year Range,2024-2025,2025-11-17 06:09:01.889362,https://gpsc.gujarat.gov.in/ExamCalendarforUPSC,exam
https://gpsc.gujarat.gov.in/ExamCalendarforUPSC,"
	Advertisement and Exam Calendar for GPSC and UPSC
",Exam,"GPSC-Updated Calendar for the Examinations conducted/to be conducted during the year 2024-2025-26, Advertisementwise and Monthwise as on 10.11.2025",2025-11-17 06:09:01.887283,https://gpsc.gujarat.gov.in/ExamCalendarforUPSC,exam
https://gpsc.gujarat.gov.in/ExamCalendarforUPSC,"
	Advertisement and Exam Calendar for GPSC and UPSC
",Date,06.11.2025,2025-11-17 06:09:01.88404,https://gpsc.gujarat.gov.in/ExamCalendarforUPSC,exam
https://gpsc.gujarat.gov.in/ExamCalendarforUPSC,"
	Advertisement and Exam Calendar for GPSC and UPSC
",Year Range,2024-2025,2025-11-17 06:09:01.880259,https://gpsc.gujarat.gov.in/ExamCalendarforUPSC,exam
https://gpsc.gujarat.gov.in/ExamCalendarforUPSC,"
	Advertisement and Exam Calendar for GPSC and UPSC
",Exam,GPSC-Updated Calendar for the Examinations conducted/to be conducted during the year 2024-2025-26 as on 06.11.2025,2025-11-17 06:09:01.878911,https://gpsc.gujarat.gov.in/ExamCalendarforUPSC,exam
https://gpsc.gujarat.gov.in/ExamCalendarforUPSC,"
	Advertisement and Exam Calendar for GPSC and UPSC
",Date,08.09.2025,2025-11-17 06:09:01.877728,https://gpsc.gujarat.gov.in/ExamCalendarforUPSC,exam
https://gpsc.gujarat.gov.in/ExamCalendarforUPSC,"
	Advertisement and Exam Calendar for GPSC and UPSC
",Year Range,2024-25,2025-11-17 06:09:01.876545,https://gpsc.gujarat.gov.in/ExamCalendarforUPSC,exam
https://gpsc.gujarat.gov.in/ExamCalendarforUPSC,"
	Advertisement and Exam Calendar for GPSC and UPSC
",Exam,GPSC-Updated Calendar for the Examinations conducted/to be conducted during the year 2024-25 as on 08.09.2025,2025-11-17 06:09:01.875328,https://gpsc.gujarat.gov.in/ExamCalendarforUPSC,exam
https://gpsc.gujarat.gov.in/ExamCalendarforUPSC,"
	Advertisement and Exam Calendar for GPSC and UPSC
",Date,21.06.2025,2025-11-17 06:09:01.87402,https://gpsc.gujarat.gov.in/ExamCalendarforUPSC,exam
https://gpsc.gujarat.gov.in/ExamCalendarforUPSC,"
	Advertisement and Exam Calendar for GPSC and UPSC
",Year Range,2024-25,2025-11-17 06:09:01.872672,https://gpsc.gujarat.gov.in/ExamCalendarforUPSC,exam
https://gpsc.gujarat.gov.in/ExamCalendarforUPSC,"
	Advertisement and Exam Calendar for GPSC and UPSC
",Exam,GPSC-Updated Calendar for the Examinations conducted/to be conducted during the year 2024-25 as on 21.06.2025,2025-11-17 06:09:01.870909,https://gpsc.gujarat.gov.in/ExamCalendarforUPSC,exam
https://gpsc.gujarat.gov.in/ExamCalendarforUPSC,"
	Advertisement and Exam Calendar for GPSC and UPSC
",Date,23.05.2025,2025-11-17 06:09:01.868779,https://gpsc.gujarat.gov.in/ExamCalendarforUPSC,exam
https://gpsc.gujarat.gov.in/ExamCalendarforUPSC,"
	Advertisement and Exam Calendar for GPSC and UPSC
",Year Range,2024-25,2025-11-17 06:09:01.864995,https://gpsc.gujarat.gov.in/ExamCalendarforUPSC,exam
https://gpsc.gujarat.gov.in/ExamCalendarforUPSC,"
	Advertisement and Exam Calendar for GPSC and UPSC
",Exam,GPSC-Updated Calendar for the Examinations conducted/to be conducted during the year 2024-25 as on 23.05.2025,2025-11-17 06:09:01.862671,https://gpsc.gujarat.gov.in/ExamCalendarforUPSC,exam
https://gpsc.gujarat.gov.in/ExamCalendarforUPSC,"
	Advertisement and Exam Calendar for GPSC and UPSC
",Date,24.04.2025,2025-11-17 06:09:01.860954,https://gpsc.gujarat.gov.in/ExamCalendarforUPSC,exam
https://gpsc.gujarat.gov.in/ExamCalendarforUPSC,"
	Advertisement and Exam Calendar for GPSC and UPSC
",Year Range,2024-25,2025-11-17 06:09:01.859543,https://gpsc.gujarat.gov.in/ExamCalendarforUPSC,exam
https://gpsc.gujarat.gov.in/ExamCalendarforUPSC,"
	Advertisement and Exam Calendar for GPSC and UPSC
",Exam,GPSC-Updated Calendar for the Examinations conducted/to be conducted during the year 2024-25 as on 24.04.2025,2025-11-17 06:09:01.857902,https://gpsc.gujarat.gov.in/ExamCalendarforUPSC,exam
https://gpsc.gujarat.gov.in/ExamCalendarforUPSC,"
	Advertisement and Exam Calendar for GPSC and UPSC
",Date,21.09.2022,2025-11-17 06:09:01.856396,https://gpsc.gujarat.gov.in/ExamCalendarforUPSC,exam
https://gpsc.gujarat.gov.in/ExamCalendarforUPSC,"
	Advertisement and Exam Calendar for GPSC and UPSC
",Year Range,2022-23,2025-11-17 06:09:01.854739,https://gpsc.gujarat.gov.in/ExamCalendarforUPSC,exam
https://gpsc.gujarat.gov.in/ExamCalendarforUPSC,"
	Advertisement and Exam Calendar for GPSC and UPSC
",Date,26.11.2021,2025-11-17 06:09:01.852343,https://gpsc.gujarat.gov.in/ExamCalendarforUPSC,exam
https://gpsc.gujarat.gov.in/ExamCalendarforUPSC,"
	Advertisement and Exam Calendar for GPSC and UPSC
",Year Range,2021-22,2025-11-17 06:09:01.849494,https://gpsc.gujarat.gov.in/ExamCalendarforUPSC,exam
https://gpsc.gujarat.gov.in/ExamCalendarforUPSC,"
	Advertisement and Exam Calendar for GPSC and UPSC
",Date,29.09.2021,2025-11-17 06:09:01.846833,https://gpsc.gujarat.gov.in/ExamCalendarforUPSC,exam
https://gpsc.gujarat.gov.in/ExamCalendarforUPSC,"
	Advertisement and Exam Calendar for GPSC and UPSC
",Year Range,2021-22,2025-11-17 06:09:01.845528,https://gpsc.gujarat.gov.in/ExamCalendarforUPSC,exam
https://gpsc.gujarat.gov.in/ExamCalendarforUPSC,"
	Advertisement and Exam Calendar for GPSC and UPSC
",Date,23.08.2021,2025-11-17 06:09:01.844243,https://gpsc.gujarat.gov.in/ExamCalendarforUPSC,exam
https://gpsc.gujarat.gov.in/ExamCalendarforUPSC,"
	Advertisement and Exam Calendar for GPSC and UPSC
",Date,06.08.2021,2025-11-17 06:09:01.842891,https://gpsc.gujarat.gov.in/ExamCalendarforUPSC,exam
https://gpsc.gujarat.gov.in/ExamCalendarforUPSC,"
	Advertisement and Exam Calendar for GPSC and UPSC
",Date,04.08.2021,2025-11-17 06:09:01.841357,https://gpsc.gujarat.gov.in/ExamCalendarforUPSC,exam
https://gpsc.gujarat.gov.in/ExamCalendarforUPSC,"
	Advertisement and Exam Calendar for GPSC and UPSC
",Date,04.06.2021,2025-11-17 06:09:01.83965,https://gpsc.gujarat.gov.in/ExamCalendarforUPSC,exam
https://gpsc.gujarat.gov.in/ExamCalendarforUPSC,"
	Advertisement and Exam Calendar for GPSC and UPSC
",Date,31.05.2021,2025-11-17 06:09:01.836644,https://gpsc.gujarat.gov.in/ExamCalendarforUPSC,exam
https://gpsc.gujarat.gov.in/ExamCalendarforUPSC,"
	Advertisement and Exam Calendar for GPSC and UPSC
",Date,22.01.2021,2025-11-17 06:09:01.833464,https://gpsc.gujarat.gov.in/ExamCalendarforUPSC,exam
https://gpsc.gujarat.gov.in/ExamCalendarforUPSC,"
	Advertisement and Exam Calendar for GPSC and UPSC
",Year Range,2020-21,2025-11-17 06:09:01.830155,https://gpsc.gujarat.gov.in/ExamCalendarforUPSC,exam
https://gpsc.gujarat.gov.in/ExamCalendarforUPSC,"
	Advertisement and Exam Calendar for GPSC and UPSC
",Year Range,2020-10,2025-11-17 06:09:01.828572,https://gpsc.gujarat.gov.in/ExamCalendarforUPSC,exam
https://gpsc.gujarat.gov.in/ExamCalendarforUPSC,"
	Advertisement and Exam Calendar for GPSC and UPSC
",Date,26.10.2020,2025-11-17 06:09:01.825819,https://gpsc.gujarat.gov.in/ExamCalendarforUPSC,exam
https://gpsc.gujarat.gov.in/ExamCalendarforUPSC,"
	Advertisement and Exam Calendar for GPSC and UPSC
",Year Range,2020-21,2025-11-17 06:09:01.821661,https://gpsc.gujarat.gov.in/ExamCalendarforUPSC,exam
https://gpsc.gujarat.gov.in/ExamCalendarforUPSC,"
	Advertisement and Exam Calendar for GPSC and UPSC
",Year Range,2020-10,2025-11-17 06:09:01.816099,https://gpsc.gujarat.gov.in/ExamCalendarforUPSC,exam
https://gpsc.gujarat.gov.in/ExamCalendarforUPSC,"
	Advertisement and Exam Calendar for GPSC and UPSC
",Date,14.10.2020,2025-11-17 06:09:01.812904,https://gpsc.gujarat.gov.in/ExamCalendarforUPSC,exam
https://gpsc.gujarat.gov.in/ExamCalendarforUPSC,"
	Advertisement and Exam Calendar for GPSC and UPSC
",Year Range,2020-21,2025-11-17 06:09:01.81164,https://gpsc.gujarat.gov.in/ExamCalendarforUPSC,exam
https://gpsc.gujarat.gov.in/ExamCalendarforUPSC,"
	Advertisement and Exam Calendar for GPSC and UPSC
",Date,04-02-2020,2025-11-17 06:09:01.810405,https://gpsc.gujarat.gov.in/ExamCalendarforUPSC,exam
https://gpsc.gujarat.gov.in/ExamCalendarforUPSC,"
	Advertisement and Exam Calendar for GPSC and UPSC
",Date,04.02.2020,2025-11-17 06:09:01.809129,https://gpsc.gujarat.gov.in/ExamCalendarforUPSC,exam
https://gpsc.gujarat.gov.in/ExamCalendarforUPSC,"
	Advertisement and Exam Calendar for GPSC and UPSC
",Year Range,2020-21,2025-11-17 06:09:01.807791,https://gpsc.gujarat.gov.in/ExamCalendarforUPSC,exam
https://gpsc.gujarat.gov.in/ExamCalendarforUPSC,"
	Advertisement and Exam Calendar for GPSC and UPSC
",Date,18-11-2019,2025-11-17 06:09:01.806209,https://gpsc.gujarat.gov.in/ExamCalendarforUPSC,exam
https://gpsc.gujarat.gov.in/ExamCalendarforUPSC,"
	Advertisement and Exam Calendar for GPSC and UPSC
",Date,18.11.2019,2025-11-17 06:09:01.804606,https://gpsc.gujarat.gov.in/ExamCalendarforUPSC,exam
https://gpsc.gujarat.gov.in/ExamCalendarforUPSC,"
	Advertisement and Exam Calendar for GPSC and UPSC
",Year Range,2019-20,2025-11-17 06:09:01.802055,https://gpsc.gujarat.gov.in/ExamCalendarforUPSC,exam
https://gpsc.gujarat.gov.in/ExamCalendarforUPSC,"
	Advertisement and Exam Calendar for GPSC and UPSC
",Date,04.04.2019,2025-11-17 06:09:01.798251,https://gpsc.gujarat.gov.in/ExamCalendarforUPSC,exam
https://gpsc.gujarat.gov.in/ExamCalendarforUPSC,"
	Advertisement and Exam Calendar for GPSC and UPSC
",Year Range,2018-19,2025-11-17 06:09:01.795969,https://gpsc.gujarat.gov.in/ExamCalendarforUPSC,exam
https://gpsc.gujarat.gov.in/ExamCalendarforUPSC,"
	Advertisement and Exam Calendar for GPSC and UPSC
",Date,15-03-2019,2025-11-17 06:09:01.794627,https://gpsc.gujarat.gov.in/ExamCalendarforUPSC,exam
https://gpsc.gujarat.gov.in/ExamCalendarforUPSC,"
	Advertisement and Exam Calendar for GPSC and UPSC
",Date,15.03.2019,2025-11-17 06:09:01.793367,https://gpsc.gujarat.gov.in/ExamCalendarforUPSC,exam
https://gpsc.gujarat.gov.in/ExamCalendarforUPSC,"
	Advertisement and Exam Calendar for GPSC and UPSC
",Year Range,2018-19,2025-11-17 06:09:01.791959,https://gpsc.gujarat.gov.in/ExamCalendarforUPSC,exam
https://gpsc.gujarat.gov.in/ExamCalendarforUPSC,"
	Advertisement and Exam Calendar for GPSC and UPSC
",Date,02.01.2019,2025-11-17 06:09:01.790579,https://gpsc.gujarat.gov.in/ExamCalendarforUPSC,exam
https://gpsc.gujarat.gov.in/ExamCalendarforUPSC,"
	Advertisement and Exam Calendar for GPSC and UPSC
",Year Range,2018-19,2025-11-17 06:09:01.789127,https://gpsc.gujarat.gov.in/ExamCalendarforUPSC,exam
https://gpsc.gujarat.gov.in/ExamCalendarforUPSC,"
	Advertisement and Exam Calendar for GPSC and UPSC
",Date,27.07.2018,2025-11-17 06:09:01.786966,https://gpsc.gujarat.gov.in/ExamCalendarforUPSC,exam
https://gpsc.gujarat.gov.in/ExamCalendarforUPSC,"
	Advertisement and Exam Calendar for GPSC and UPSC
",Year Range,2018-19,2025-11-17 06:09:01.784251,https://gpsc.gujarat.gov.in/ExamCalendarforUPSC,exam
https://gpsc.gujarat.gov.in/ExamCalendarforUPSC,"
	Advertisement and Exam Calendar for GPSC and UPSC
",Date,11.01.2018,2025-11-17 06:09:01.780256,https://gpsc.gujarat.gov.in/ExamCalendarforUPSC,exam
https://gpsc.gujarat.gov.in/ExamCalendarforUPSC,"
	Advertisement and Exam Calendar for GPSC and UPSC
",Year Range,2017-18,2025-11-17 06:09:01.778816,https://gpsc.gujarat.gov.in/ExamCalendarforUPSC,exam
https://gpsc.gujarat.gov.in/ExamCalendarforUPSC,"
	Advertisement and Exam Calendar for GPSC and UPSC
",Year Range,2017-10,2025-11-17 06:09:01.777531,https://gpsc.gujarat.gov.in/ExamCalendarforUPSC,exam
https://gpsc.gujarat.gov.in/ExamCalendarforUPSC,"
	Advertisement and Exam Calendar for GPSC and UPSC
",Date,18.10.2017,2025-11-17 06:09:01.776225,https://gpsc.gujarat.gov.in/ExamCalendarforUPSC,exam
https://gpsc.gujarat.gov.in/ExamCalendarforUPSC,"
	Advertisement and Exam Calendar for GPSC and UPSC
",Year Range,2017-18,2025-11-17 06:09:01.774805,https://gpsc.gujarat.gov.in/ExamCalendarforUPSC,exam
https://gpsc.gujarat.gov.in/ExamCalendarforUPSC,"
	Advertisement and Exam Calendar for GPSC and UPSC
",Year Range,2017-10,2025-11-17 06:09:01.773142,https://gpsc.gujarat.gov.in/ExamCalendarforUPSC,exam
https://gpsc.gujarat.gov.in/ExamCalendarforUPSC,"
	Advertisement and Exam Calendar for GPSC and UPSC
",Date,03.07.2017,2025-11-17 06:09:01.771494,https://gpsc.gujarat.gov.in/ExamCalendarforUPSC,exam
https://gpsc.gujarat.gov.in/ExamCalendarforUPSC,"
	Advertisement and Exam Calendar for GPSC and UPSC
",Year Range,2017-18,2025-11-17 06:09:01.768595,https://gpsc.gujarat.gov.in/ExamCalendarforUPSC,exam
https://gpsc.gujarat.gov.in/ExamCalendarforUPSC,"
	Advertisement and Exam Calendar for GPSC and UPSC
",Year Range,2017-10,2025-11-17 06:09:01.764434,https://gpsc.gujarat.gov.in/ExamCalendarforUPSC,exam
https://gpsc.gujarat.gov.in/ExamCalendarforUPSC,"
	Advertisement and Exam Calendar for GPSC and UPSC
",Date,17.06.2017,2025-11-17 06:09:01.762358,https://gpsc.gujarat.gov.in/ExamCalendarforUPSC,exam
https://gpsc.gujarat.gov.in/ExamCalendarforUPSC,"
	Advertisement and Exam Calendar for GPSC and UPSC
",Year Range,2017-18,2025-11-17 06:09:01.760996,https://gpsc.gujarat.gov.in/ExamCalendarforUPSC,exam
https://gpsc.gujarat.gov.in/ExamCalendarforUPSC,"
	Advertisement and Exam Calendar for GPSC and UPSC
",Year Range,2017-10,2025-11-17 06:09:01.759653,https://gpsc.gujarat.gov.in/ExamCalendarforUPSC,exam
https://gpsc.gujarat.gov.in/ExamCalendarforUPSC,"
	Advertisement and Exam Calendar for GPSC and UPSC
",Date,18.03.2017,2025-11-17 06:09:01.75834,https://gpsc.gujarat.gov.in/ExamCalendarforUPSC,exam
https://gpsc.gujarat.gov.in/ExamCalendarforUPSC,"
	Advertisement and Exam Calendar for GPSC and UPSC
",Year Range,2016-17,2025-11-17 06:09:01.756978,https://gpsc.gujarat.gov.in/ExamCalendarforUPSC,exam
https://gpsc.gujarat.gov.in/ExamCalendarforUPSC,"
	Advertisement and Exam Calendar for GPSC and UPSC
",Date,29.01.2025,2025-11-17 06:09:01.755579,https://gpsc.gujarat.gov.in/ExamCalendarforUPSC,exam
https://gpsc.gujarat.gov.in/ExamCalendarforUPSC,"
	Advertisement and Exam Calendar for GPSC and UPSC
",Year Range,2025-26,2025-11-17 06:09:01.753315,https://gpsc.gujarat.gov.in/ExamCalendarforUPSC,exam
https://gpsc.gujarat.gov.in/ExamCalendarforUPSC,"
	Advertisement and Exam Calendar for GPSC and UPSC
",Date,31.01.2024,2025-11-17 06:09:01.749674,https://gpsc.gujarat.gov.in/ExamCalendarforUPSC,exam
https://gpsc.gujarat.gov.in/ExamCalendarforUPSC,"
	Advertisement and Exam Calendar for GPSC and UPSC
",Year Range,2024-25,2025-11-17 06:09:01.746398,https://gpsc.gujarat.gov.in/ExamCalendarforUPSC,exam
https://gpsc.gujarat.gov.in/ExamCalendarforUPSC,"
	Advertisement and Exam Calendar for GPSC and UPSC
",Year Range,2023-24,2025-11-17 06:09:01.744534,https://gpsc.gujarat.gov.in/ExamCalendarforUPSC,exam
https://gpsc.gujarat.gov.in/ExamCalendarforUPSC,"
	Advertisement and Exam Calendar for GPSC and UPSC
",Date,30.01.2023,2025-11-17 06:09:01.742465,https://gpsc.gujarat.gov.in/ExamCalendarforUPSC,exam
https://gpsc.gujarat.gov.in/ExamCalendarforUPSC,"
	Advertisement and Exam Calendar for GPSC and UPSC
",Year Range,2023-24,2025-11-17 06:09:01.739695,https://gpsc.gujarat.gov.in/ExamCalendarforUPSC,exam
https://gpsc.gujarat.gov.in/ExamCalendarforUPSC,"
	Advertisement and Exam Calendar for GPSC and UPSC
",Date,16.03.2022,2025-11-17 06:09:01.734732,https://gpsc.gujarat.gov.in/ExamCalendarforUPSC,exam
https://gpsc.gujarat.gov.in/ExamCalendarforUPSC,"
	Advertisement and Exam Calendar for GPSC and UPSC
",Date,29.01.2020,2025-11-17 06:09:01.730148,https://gpsc.gujarat.gov.in/ExamCalendarforUPSC,exam
https://gpsc.gujarat.gov.in/ExamCalendarforUPSC,"
	Advertisement and Exam Calendar for GPSC and UPSC
",Year Range,2020-21,2025-11-17 06:09:01.728136,https://gpsc.gujarat.gov.in/ExamCalendarforUPSC,exam
https://gpsc.gujarat.gov.in/ExamCalendarforUPSC,"
	Advertisement and Exam Calendar for GPSC and UPSC
",Date,23.01.2019,2025-11-17 06:09:01.725851,https://gpsc.gujarat.gov.in/ExamCalendarforUPSC,exam
https://gpsc.gujarat.gov.in/ExamCalendarforUPSC,"
	Advertisement and Exam Calendar for GPSC and UPSC
",Year Range,2019-20,2025-11-17 06:09:01.723031,https://gpsc.gujarat.gov.in/ExamCalendarforUPSC,exam
https://gpsc.gujarat.gov.in/ExamCalendarforUPSC,"
	Advertisement and Exam Calendar for GPSC and UPSC
",Date,27.07.2018,2025-11-17 06:09:01.720074,https://gpsc.gujarat.gov.in/ExamCalendarforUPSC,exam
https://gpsc.gujarat.gov.in/ExamCalendarforUPSC,"
	Advertisement and Exam Calendar for GPSC and UPSC
",Year Range,2018-19,2025-11-17 06:09:01.71611,https://gpsc.gujarat.gov.in/ExamCalendarforUPSC,exam
https://gpsc.gujarat.gov.in/ExamCalendarforUPSC,"
	Advertisement and Exam Calendar for GPSC and UPSC
",Date,10.04.2018,2025-11-17 06:09:01.71305,https://gpsc.gujarat.gov.in/ExamCalendarforUPSC,exam
https://gpsc.gujarat.gov.in/ExamCalendarforUPSC,"
	Advertisement and Exam Calendar for GPSC and UPSC
",Year Range,2018-19,2025-11-17 06:09:01.711367,https://gpsc.gujarat.gov.in/ExamCalendarforUPSC,exam
https://gpsc.gujarat.gov.in/ExamCalendarforUPSC,"
	Advertisement and Exam Calendar for GPSC and UPSC
",Date,30.01.2018,2025-11-17 06:09:01.70911,https://gpsc.gujarat.gov.in/ExamCalendarforUPSC,exam
https://gpsc.gujarat.gov.in/ExamCalendarforUPSC,"
	Advertisement and Exam Calendar for GPSC and UPSC
",Year Range,2018-19,2025-11-17 06:09:01.706432,https://gpsc.gujarat.gov.in/ExamCalendarforUPSC,exam
https://gpsc.gujarat.gov.in/ExamCalendarforUPSC,"
	Advertisement and Exam Calendar for GPSC and UPSC
",Date,19.01.2017,2025-11-17 06:09:01.70371,https://gpsc.gujarat.gov.in/ExamCalendarforUPSC,exam
https://gpsc.gujarat.gov.in/ExamCalendarforUPSC,"
	Advertisement and Exam Calendar for GPSC and UPSC
",Year Range,2017-18,2025-11-17 06:09:01.700199,https://gpsc.gujarat.gov.in/ExamCalendarforUPSC,exam
https://gpsc.gujarat.gov.in/ExamCalendarforUPSC,"
	Advertisement and Exam Calendar for GPSC and UPSC
",Year Range,2017-10,2025-11-17 06:09:01.695851,https://gpsc.gujarat.gov.in/ExamCalendarforUPSC,exam
https://gpsc.gujarat.gov.in/ExamCalendarforUPSC,"
	Advertisement and Exam Calendar for GPSC and UPSC
",Date,19.04.2016,2025-11-17 06:09:01.693443,https://gpsc.gujarat.gov.in/ExamCalendarforUPSC,exam
https://gpsc.gujarat.gov.in/ExamCalendarforUPSC,"
	Advertisement and Exam Calendar for GPSC and UPSC
",Year Range,2016-17,2025-11-17 06:09:01.690628,https://gpsc.gujarat.gov.in/ExamCalendarforUPSC,exam
https://gpsc.gujarat.gov.in/ExamCalendarforUPSC,"
	Advertisement and Exam Calendar for GPSC and UPSC
",Year Range,2017-10,2025-11-17 06:09:01.68706,https://gpsc.gujarat.gov.in/ExamCalendarforUPSC,exam
https://gpsc.gujarat.gov.in/ExamCalendarforUPSC,"
	Advertisement and Exam Calendar for GPSC and UPSC
",Date,01.04.2016,2025-11-17 06:09:01.68267,https://gpsc.gujarat.gov.in/ExamCalendarforUPSC,exam
https://gpsc.gujarat.gov.in/ExamCalendarforUPSC,"
	Advertisement and Exam Calendar for GPSC and UPSC
",Year Range,2016-17,2025-11-17 06:09:01.678695,https://gpsc.gujarat.gov.in/ExamCalendarforUPSC,exam
https://gpsc.gujarat.gov.in/ExamCalendarforUPSC,"
	Advertisement and Exam Calendar for GPSC and UPSC
",Year Range,2017-10,2025-11-17 05:35:44.670548,https://gpsc.gujarat.gov.in/ExamCalendarforUPSC,exam
https://gpsc.gujarat.gov.in/ExamCalendarforUPSC,"
	Advertisement and Exam Calendar for GPSC and UPSC
",Year Range,2017-10,2025-11-17 05:35:44.668084,https://gpsc.gujarat.gov.in/ExamCalendarforUPSC,exam
https://gpsc.gujarat.gov.in/ExamCalendarforUPSC,"
	Advertisement and Exam Calendar for GPSC and UPSC
",Year Range,2025-11,2025-11-17 05:35:44.665641,https://gpsc.gujarat.gov.in/ExamCalendarforUPSC,exam
https://gpsc.gujarat.gov.in/ExamCalendarforUPSC,"
	Advertisement and Exam Calendar for GPSC and UPSC
",Date,14.11.2025,2025-11-17 05:35:44.66444,https://gpsc.gujarat.gov.in/ExamCalendarforUPSC,exam
https://gpsc.gujarat.gov.in/ExamCalendarforUPSC,"
	Advertisement and Exam Calendar for GPSC and UPSC
",Year Range,2024-2025,2025-11-17 05:35:44.663165,https://gpsc.gujarat.gov.in/ExamCalendarforUPSC,exam
https://gpsc.gujarat.gov.in/ExamCalendarforUPSC,"
	Advertisement and Exam Calendar for GPSC and UPSC
",Exam,"GPSC-Updated Calendar for the Examinations conducted/to be conducted during the year 2024-2025-26, Advertisementwise and Monthwise as on 14.11.2025",2025-11-17 05:35:44.661625,https://gpsc.gujarat.gov.in/ExamCalendarforUPSC,exam
https://gpsc.gujarat.gov.in/ExamCalendarforUPSC,"
	Advertisement and Exam Calendar for GPSC and UPSC
",Date,10-11-2025,2025-11-17 05:35:44.657019,https://gpsc.gujarat.gov.in/ExamCalendarforUPSC,exam
https://gpsc.gujarat.gov.in/ExamCalendarforUPSC,"
	Advertisement and Exam Calendar for GPSC and UPSC
",Date,10.11.2025,2025-11-17 05:35:44.654313,https://gpsc.gujarat.gov.in/ExamCalendarforUPSC,exam
https://gpsc.gujarat.gov.in/ExamCalendarforUPSC,"
	Advertisement and Exam Calendar for GPSC and UPSC
",Year Range,2024-2025,2025-11-17 05:35:44.653098,https://gpsc.gujarat.gov.in/ExamCalendarforUPSC,exam
https://gpsc.gujarat.gov.in/ExamCalendarforUPSC,"
	Advertisement and Exam Calendar for GPSC and UPSC
",Exam,"GPSC-Updated Calendar for the Examinations conducted/to be conducted during the year 2024-2025-26, Advertisementwise and Monthwise as on 10.11.2025",2025-11-17 05:35:44.651745,https://gpsc.gujarat.gov.in/ExamCalendarforUPSC,exam
https://gpsc.gujarat.gov.in/ExamCalendarforUPSC,"
	Advertisement and Exam Calendar for GPSC and UPSC
",Date,06.11.2025,2025-11-17 05:35:44.650277,https://gpsc.gujarat.gov.in/ExamCalendarforUPSC,exam
https://gpsc.gujarat.gov.in/ExamCalendarforUPSC,"
	Advertisement and Exam Calendar for GPSC and UPSC
",Year Range,2024-2025,2025-11-17 05:35:44.648913,https://gpsc.gujarat.gov.in/ExamCalendarforUPSC,exam
https://gpsc.gujarat.gov.in/ExamCalendarforUPSC,"
	Advertisement and Exam Calendar for GPSC and UPSC
",Exam,GPSC-Updated Calendar for the Examinations conducted/to be conducted during the year 2024-2025-26 as on 06.11.2025,2025-11-17 05:35:44.64745,https://gpsc.gujarat.gov.in/ExamCalendarforUPSC,exam
https://gpsc.gujarat.gov.in/ExamCalendarforUPSC,"
	Advertisement and Exam Calendar for GPSC and UPSC
",Date,08.09.2025,2025-11-17 05:35:44.6459,https://gpsc.gujarat.gov.in/ExamCalendarforUPSC,exam
https://gpsc.gujarat.gov.in/ExamCalendarforUPSC,"
	Advertisement and Exam Calendar for GPSC and UPSC
",Year Range,2024-25,2025-11-17 05:35:44.644068,https://gpsc.gujarat.gov.in/ExamCalendarforUPSC,exam
https://gpsc.gujarat.gov.in/ExamCalendarforUPSC,"
	Advertisement and Exam Calendar for GPSC and UPSC
",Exam,GPSC-Updated Calendar for the Examinations conducted/to be conducted during the year 2024-25 as on 08.09.2025,2025-11-17 05:35:44.63916,https://gpsc.gujarat.gov.in/ExamCalendarforUPSC,exam
https://gpsc.gujarat.gov.in/ExamCalendarforUPSC,"
	Advertisement and Exam Calendar for GPSC and UPSC
",Date,21.06.2025,2025-11-17 05:35:44.636991,https://gpsc.gujarat.gov.in/ExamCalendarforUPSC,exam
https://gpsc.gujarat.gov.in/ExamCalendarforUPSC,"
	Advertisement and Exam Calendar for GPSC and UPSC
",Year Range,2024-25,2025-11-17 05:35:44.635538,https://gpsc.gujarat.gov.in/ExamCalendarforUPSC,exam
https://gpsc.gujarat.gov.in/ExamCalendarforUPSC,"
	Advertisement and Exam Calendar for GPSC and UPSC
",Exam,GPSC-Updated Calendar for the Examinations conducted/to be conducted during the year 2024-25 as on 21.06.2025,2025-11-17 05:35:44.634058,https://gpsc.gujarat.gov.in/ExamCalendarforUPSC,exam
https://gpsc.gujarat.gov.in/ExamCalendarforUPSC,"
	Advertisement and Exam Calendar for GPSC and UPSC
",Date,23.05.2025,2025-11-17 05:35:44.632683,https://gpsc.gujarat.gov.in/ExamCalendarforUPSC,exam
https://gpsc.gujarat.gov.in/ExamCalendarforUPSC,"
	Advertisement and Exam Calendar for GPSC and UPSC
",Year Range,2024-25,2025-11-17 05:35:44.631426,https://gpsc.gujarat.gov.in/ExamCalendarforUPSC,exam
https://gpsc.gujarat.gov.in/ExamCalendarforUPSC,"
	Advertisement and Exam Calendar for GPSC and UPSC
",Exam,GPSC-Updated Calendar for the Examinations conducted/to be conducted during the year 2024-25 as on 23.05.2025,2025-11-17 05:35:44.629891,https://gpsc.gujarat.gov.in/ExamCalendarforUPSC,exam
https://gpsc.gujarat.gov.in/ExamCalendarforUPSC,"
	Advertisement and Exam Calendar for GPSC and UPSC
",Date,24.04.2025,2025-11-17 05:35:44.62845,https://gpsc.gujarat.gov.in/ExamCalendarforUPSC,exam
https://gpsc.gujarat.gov.in/ExamCalendarforUPSC,"
	Advertisement and Exam Calendar for GPSC and UPSC
",Year Range,2024-25,2025-11-17 05:35:44.624414,https://gpsc.gujarat.gov.in/ExamCalendarforUPSC,exam
https://gpsc.gujarat.gov.in/ExamCalendarforUPSC,"
	Advertisement and Exam Calendar for GPSC and UPSC
",Exam,GPSC-Updated Calendar for the Examinations conducted/to be conducted during the year 2024-25 as on 24.04.2025,2025-11-17 05:35:44.621373,https://gpsc.gujarat.gov.in/ExamCalendarforUPSC,exam
https://gpsc.gujarat.gov.in/ExamCalendarforUPSC,"
	Advertisement and Exam Calendar for GPSC and UPSC
",Date,21.09.2022,2025-11-17 05:35:44.620077,https://gpsc.gujarat.gov.in/ExamCalendarforUPSC,exam
https://gpsc.gujarat.gov.in/ExamCalendarforUPSC,"
	Advertisement and Exam Calendar for GPSC and UPSC
",Year Range,2022-23,2025-11-17 05:35:44.618731,https://gpsc.gujarat.gov.in/ExamCalendarforUPSC,exam
https://gpsc.gujarat.gov.in/ExamCalendarforUPSC,"
	Advertisement and Exam Calendar for GPSC and UPSC
",Date,26.11.2021,2025-11-17 05:35:44.617323,https://gpsc.gujarat.gov.in/ExamCalendarforUPSC,exam
https://gpsc.gujarat.gov.in/ExamCalendarforUPSC,"
	Advertisement and Exam Calendar for GPSC and UPSC
",Year Range,2021-22,2025-11-17 05:35:44.615792,https://gpsc.gujarat.gov.in/ExamCalendarforUPSC,exam
https://gpsc.gujarat.gov.in/ExamCalendarforUPSC,"
	Advertisement and Exam Calendar for GPSC and UPSC
",Date,29.09.2021,2025-11-17 05:35:44.614002,https://gpsc.gujarat.gov.in/ExamCalendarforUPSC,exam
https://gpsc.gujarat.gov.in/ExamCalendarforUPSC,"
	Advertisement and Exam Calendar for GPSC and UPSC
",Year Range,2021-22,2025-11-17 05:35:44.612141,https://gpsc.gujarat.gov.in/ExamCalendarforUPSC,exam
https://gpsc.gujarat.gov.in/ExamCalendarforUPSC,"
	Advertisement and Exam Calendar for GPSC and UPSC
",Date,23.08.2021,2025-11-17 05:35:44.607961,https://gpsc.gujarat.gov.in/ExamCalendarforUPSC,exam
https://gpsc.gujarat.gov.in/ExamCalendarforUPSC,"
	Advertisement and Exam Calendar for GPSC and UPSC
",Date,06.08.2021,2025-11-17 05:35:44.604855,https://gpsc.gujarat.gov.in/ExamCalendarforUPSC,exam
https://gpsc.gujarat.gov.in/ExamCalendarforUPSC,"
	Advertisement and Exam Calendar for GPSC and UPSC
",Date,04.08.2021,2025-11-17 05:35:44.603178,https://gpsc.gujarat.gov.in/ExamCalendarforUPSC,exam
https://gpsc.gujarat.gov.in/ExamCalendarforUPSC,"
	Advertisement and Exam Calendar for GPSC and UPSC
",Date,04.06.2021,2025-11-17 05:35:44.601323,https://gpsc.gujarat.gov.in/ExamCalendarforUPSC,exam
https://gpsc.gujarat.gov.in/ExamCalendarforUPSC,"
	Advertisement and Exam Calendar for GPSC and UPSC
",Date,31.05.2021,2025-11-17 05:35:44.599392,https://gpsc.gujarat.gov.in/ExamCalendarforUPSC,exam
https://gpsc.gujarat.gov.in/ExamCalendarforUPSC,"
	Advertisement and Exam Calendar for GPSC and UPSC
",Date,22.01.2021,2025-11-17 05:35:44.597326,https://gpsc.gujarat.gov.in/ExamCalendarforUPSC,exam
https://gpsc.gujarat.gov.in/ExamCalendarforUPSC,"
	Advertisement and Exam Calendar for GPSC and UPSC
",Year Range,2020-21,2025-11-17 05:35:44.594879,https://gpsc.gujarat.gov.in/ExamCalendarforUPSC,exam
https://gpsc.gujarat.gov.in/ExamCalendarforUPSC,"
	Advertisement and Exam Calendar for GPSC and UPSC
",Year Range,2020-10,2025-11-17 05:35:44.589063,https://gpsc.gujarat.gov.in/ExamCalendarforUPSC,exam
https://gpsc.gujarat.gov.in/ExamCalendarforUPSC,"
	Advertisement and Exam Calendar for GPSC and UPSC
",Date,26.10.2020,2025-11-17 05:35:44.586553,https://gpsc.gujarat.gov.in/ExamCalendarforUPSC,exam
https://gpsc.gujarat.gov.in/ExamCalendarforUPSC,"
	Advertisement and Exam Calendar for GPSC and UPSC
",Year Range,2020-21,2025-11-17 05:35:44.584433,https://gpsc.gujarat.gov.in/ExamCalendarforUPSC,exam
https://gpsc.gujarat.gov.in/ExamCalendarforUPSC,"
	Advertisement and Exam Calendar for GPSC and UPSC
",Year Range,2020-10,2025-11-17 05:35:44.582496,https://gpsc.gujarat.gov.in/ExamCalendarforUPSC,exam
https://gpsc.gujarat.gov.in/ExamCalendarforUPSC,"
	Advertisement and Exam Calendar for GPSC and UPSC
",Date,14.10.2020,2025-11-17 05:35:44.580454,https://gpsc.gujarat.gov.in/ExamCalendarforUPSC,exam
https://gpsc.gujarat.gov.in/ExamCalendarforUPSC,"
	Advertisement and Exam Calendar for GPSC and UPSC
",Year Range,2020-21,2025-11-17 05:35:44.578483,https://gpsc.gujarat.gov.in/ExamCalendarforUPSC,exam
https://gpsc.gujarat.gov.in/ExamCalendarforUPSC,"
	Advertisement and Exam Calendar for GPSC and UPSC
",Date,04-02-2020,2025-11-17 05:35:44.573376,https://gpsc.gujarat.gov.in/ExamCalendarforUPSC,exam
https://gpsc.gujarat.gov.in/ExamCalendarforUPSC,"
	Advertisement and Exam Calendar for GPSC and UPSC
",Date,04.02.2020,2025-11-17 05:35:44.570526,https://gpsc.gujarat.gov.in/ExamCalendarforUPSC,exam
https://gpsc.gujarat.gov.in/ExamCalendarforUPSC,"
	Advertisement and Exam Calendar for GPSC and UPSC
",Year Range,2020-21,2025-11-17 05:35:44.568429,https://gpsc.gujarat.gov.in/ExamCalendarforUPSC,exam
https://gpsc.gujarat.gov.in/ExamCalendarforUPSC,"
	Advertisement and Exam Calendar for GPSC and UPSC
",Date,18-11-2019,2025-11-17 05:35:44.566588,https://gpsc.gujarat.gov.in/ExamCalendarforUPSC,exam
https://gpsc.gujarat.gov.in/ExamCalendarforUPSC,"
	Advertisement and Exam Calendar for GPSC and UPSC
",Date,18.11.2019,2025-11-17 05:35:44.564658,https://gpsc.gujarat.gov.in/ExamCalendarforUPSC,exam
https://gpsc.gujarat.gov.in/ExamCalendarforUPSC,"
	Advertisement and Exam Calendar for GPSC and UPSC
",Year Range,2019-20,2025-11-17 05:35:44.562688,https://gpsc.gujarat.gov.in/ExamCalendarforUPSC,exam
https://gpsc.gujarat.gov.in/ExamCalendarforUPSC,"
	Advertisement and Exam Calendar for GPSC and UPSC
",Date,04.04.2019,2025-11-17 05:35:44.560022,https://gpsc.gujarat.gov.in/ExamCalendarforUPSC,exam
https://gpsc.gujarat.gov.in/ExamCalendarforUPSC,"
	Advertisement and Exam Calendar for GPSC and UPSC
",Year Range,2018-19,2025-11-17 05:35:44.555411,https://gpsc.gujarat.gov.in/ExamCalendarforUPSC,exam
https://gpsc.gujarat.gov.in/ExamCalendarforUPSC,"
	Advertisement and Exam Calendar for GPSC and UPSC
",Date,15-03-2019,2025-11-17 05:35:44.554032,https://gpsc.gujarat.gov.in/ExamCalendarforUPSC,exam
https://gpsc.gujarat.gov.in/ExamCalendarforUPSC,"
	Advertisement and Exam Calendar for GPSC and UPSC
",Date,15.03.2019,2025-11-17 05:35:44.552834,https://gpsc.gujarat.gov.in/ExamCalendarforUPSC,exam
https://gpsc.gujarat.gov.in/ExamCalendarforUPSC,"
	Advertisement and Exam Calendar for GPSC and UPSC
",Year Range,2018-19,2025-11-17 05:35:44.551641,https://gpsc.gujarat.gov.in/ExamCalendarforUPSC,exam
https://gpsc.gujarat.gov.in/ExamCalendarforUPSC,"
	Advertisement and Exam Calendar for GPSC and UPSC
",Date,02.01.2019,2025-11-17 05:35:44.550397,https://gpsc.gujarat.gov.in/ExamCalendarforUPSC,exam
https://gpsc.gujarat.gov.in/ExamCalendarforUPSC,"
	Advertisement and Exam Calendar for GPSC and UPSC
",Year Range,2018-19,2025-11-17 05:35:44.549001,https://gpsc.gujarat.gov.in/ExamCalendarforUPSC,exam
https://gpsc.gujarat.gov.in/ExamCalendarforUPSC,"
	Advertisement and Exam Calendar for GPSC and UPSC
",Date,27.07.2018,2025-11-17 05:35:44.547657,https://gpsc.gujarat.gov.in/ExamCalendarforUPSC,exam
https://gpsc.gujarat.gov.in/ExamCalendarforUPSC,"
	Advertisement and Exam Calendar for GPSC and UPSC
",Year Range,2018-19,2025-11-17 05:35:44.546212,https://gpsc.gujarat.gov.in/ExamCalendarforUPSC,exam
https://gpsc.gujarat.gov.in/ExamCalendarforUPSC,"
	Advertisement and Exam Calendar for GPSC and UPSC
",Date,11.01.2018,2025-11-17 05:35:44.543978,https://gpsc.gujarat.gov.in/ExamCalendarforUPSC,exam
https://gpsc.gujarat.gov.in/ExamCalendarforUPSC,"
	Advertisement and Exam Calendar for GPSC and UPSC
",Year Range,2017-18,2025-11-17 05:35:44.539219,https://gpsc.gujarat.gov.in/ExamCalendarforUPSC,exam
https://gpsc.gujarat.gov.in/ExamCalendarforUPSC,"
	Advertisement and Exam Calendar for GPSC and UPSC
",Year Range,2017-10,2025-11-17 05:35:44.53748,https://gpsc.gujarat.gov.in/ExamCalendarforUPSC,exam
https://gpsc.gujarat.gov.in/ExamCalendarforUPSC,"
	Advertisement and Exam Calendar for GPSC and UPSC
",Date,18.10.2017,2025-11-17 05:35:44.53573,https://gpsc.gujarat.gov.in/ExamCalendarforUPSC,exam
https://gpsc.gujarat.gov.in/ExamCalendarforUPSC,"
	Advertisement and Exam Calendar for GPSC and UPSC
",Year Range,2017-18,2025-11-17 05:35:44.534319,https://gpsc.gujarat.gov.in/ExamCalendarforUPSC,exam
https://gpsc.gujarat.gov.in/ExamCalendarforUPSC,"
	Advertisement and Exam Calendar for GPSC and UPSC
",Year Range,2017-10,2025-11-17 05:35:44.532955,https://gpsc.gujarat.gov.in/ExamCalendarforUPSC,exam
https://gpsc.gujarat.gov.in/ExamCalendarforUPSC,"
	Advertisement and Exam Calendar for GPSC and UPSC
",Date,03.07.2017,2025-11-17 05:35:44.531656,https://gpsc.gujarat.gov.in/ExamCalendarforUPSC,exam
https://gpsc.gujarat.gov.in/ExamCalendarforUPSC,"
	Advertisement and Exam Calendar for GPSC and UPSC
",Year Range,2017-18,2025-11-17 05:35:44.530283,https://gpsc.gujarat.gov.in/ExamCalendarforUPSC,exam
https://gpsc.gujarat.gov.in/ExamCalendarforUPSC,"
	Advertisement and Exam Calendar for GPSC and UPSC
",Year Range,2017-10,2025-11-17 05:35:44.528803,https://gpsc.gujarat.gov.in/ExamCalendarforUPSC,exam
https://gpsc.gujarat.gov.in/ExamCalendarforUPSC,"
	Advertisement and Exam Calendar for GPSC and UPSC
",Date,17.06.2017,2025-11-17 05:35:44.526476,https://gpsc.gujarat.gov.in/ExamCalendarforUPSC,exam
https://gpsc.gujarat.gov.in/ExamCalendarforUPSC,"
	Advertisement and Exam Calendar for GPSC and UPSC
",Year Range,2017-18,2025-11-17 05:35:44.522222,https://gpsc.gujarat.gov.in/ExamCalendarforUPSC,exam
https://gpsc.gujarat.gov.in/ExamCalendarforUPSC,"
	Advertisement and Exam Calendar for GPSC and UPSC
",Year Range,2017-10,2025-11-17 05:35:44.520021,https://gpsc.gujarat.gov.in/ExamCalendarforUPSC,exam
https://gpsc.gujarat.gov.in/ExamCalendarforUPSC,"
	Advertisement and Exam Calendar for GPSC and UPSC
",Date,18.03.2017,2025-11-17 05:35:44.518547,https://gpsc.gujarat.gov.in/ExamCalendarforUPSC,exam
https://gpsc.gujarat.gov.in/ExamCalendarforUPSC,"
	Advertisement and Exam Calendar for GPSC and UPSC
",Year Range,2016-17,2025-11-17 05:35:44.517143,https://gpsc.gujarat.gov.in/ExamCalendarforUPSC,exam
https://gpsc.gujarat.gov.in/ExamCalendarforUPSC,"
	Advertisement and Exam Calendar for GPSC and UPSC
",Date,29.01.2025,2025-11-17 05:35:44.515762,https://gpsc.gujarat.gov.in/ExamCalendarforUPSC,exam
https://gpsc.gujarat.gov.in/ExamCalendarforUPSC,"
	Advertisement and Exam Calendar for GPSC and UPSC
",Year Range,2025-26,2025-11-17 05:35:44.514103,https://gpsc.gujarat.gov.in/ExamCalendarforUPSC,exam
https://gpsc.gujarat.gov.in/ExamCalendarforUPSC,"
	Advertisement and Exam Calendar for GPSC and UPSC
",Date,31.01.2024,2025-11-17 05:35:44.510368,https://gpsc.gujarat.gov.in/ExamCalendarforUPSC,exam
https://gpsc.gujarat.gov.in/ExamCalendarforUPSC,"
	Advertisement and Exam Calendar for GPSC and UPSC
",Year Range,2024-25,2025-11-17 05:35:44.505342,https://gpsc.gujarat.gov.in/ExamCalendarforUPSC,exam
https://gpsc.gujarat.gov.in/ExamCalendarforUPSC,"
	Advertisement and Exam Calendar for GPSC and UPSC
",Year Range,2023-24,2025-11-17 05:35:44.503212,https://gpsc.gujarat.gov.in/ExamCalendarforUPSC,exam
https://gpsc.gujarat.gov.in/ExamCalendarforUPSC,"
	Advertisement and Exam Calendar for GPSC and UPSC
",Date,30.01.2023,2025-11-17 05:35:44.50153,https://gpsc.gujarat.gov.in/ExamCalendarforUPSC,exam
https://gpsc.gujarat.gov.in/ExamCalendarforUPSC,"
	Advertisement and Exam Calendar for GPSC and UPSC
",Year Range,2023-24,2025-11-17 05:35:44.499651,https://gpsc.gujarat.gov.in/ExamCalendarforUPSC,exam
https://gpsc.gujarat.gov.in/ExamCalendarforUPSC,"
	Advertisement and Exam Calendar for GPSC and UPSC
",Date,16.03.2022,2025-11-17 05:35:44.497638,https://gpsc.gujarat.gov.in/ExamCalendarforUPSC,exam
https://gpsc.gujarat.gov.in/ExamCalendarforUPSC,"
	Advertisement and Exam Calendar for GPSC and UPSC
",Date,29.01.2020,2025-11-17 05:35:44.495325,https://gpsc.gujarat.gov.in/ExamCalendarforUPSC,exam
https://gpsc.gujarat.gov.in/ExamCalendarforUPSC,"
	Advertisement and Exam Calendar for GPSC and UPSC
",Year Range,2020-21,2025-11-17 05:35:44.489035,https://gpsc.gujarat.gov.in/ExamCalendarforUPSC,exam
https://gpsc.gujarat.gov.in/ExamCalendarforUPSC,"
	Advertisement and Exam Calendar for GPSC and UPSC
",Date,23.01.2019,2025-11-17 05:35:44.486963,https://gpsc.gujarat.gov.in/ExamCalendarforUPSC,exam
https://gpsc.gujarat.gov.in/ExamCalendarforUPSC,"
	Advertisement and Exam Calendar for GPSC and UPSC
",Year Range,2019-20,2025-11-17 05:35:44.48565,https://gpsc.gujarat.gov.in/ExamCalendarforUPSC,exam
https://gpsc.gujarat.gov.in/ExamCalendarforUPSC,"
	Advertisement and Exam Calendar for GPSC and UPSC
",Date,27.07.2018,2025-11-17 05:35:44.484407,https://gpsc.gujarat.gov.in/ExamCalendarforUPSC,exam
https://gpsc.gujarat.gov.in/ExamCalendarforUPSC,"
	Advertisement and Exam Calendar for GPSC and UPSC
",Year Range,2018-19,2025-11-17 05:35:44.482933,https://gpsc.gujarat.gov.in/ExamCalendarforUPSC,exam
https://gpsc.gujarat.gov.in/ExamCalendarforUPSC,"
	Advertisement and Exam Calendar for GPSC and UPSC
",Date,10.04.2018,2025-11-17 05:35:44.481533,https://gpsc.gujarat.gov.in/ExamCalendarforUPSC,exam
https://gpsc.gujarat.gov.in/ExamCalendarforUPSC,"
	Advertisement and Exam Calendar for GPSC and UPSC
",Year Range,2018-19,2025-11-17 05:35:44.479946,https://gpsc.gujarat.gov.in/ExamCalendarforUPSC,exam
https://gpsc.gujarat.gov.in/ExamCalendarforUPSC,"
	Advertisement and Exam Calendar for GPSC and UPSC
",Date,30.01.2018,2025-11-17 05:35:44.476383,https://gpsc.gujarat.gov.in/ExamCalendarforUPSC,exam
https://gpsc.gujarat.gov.in/ExamCalendarforUPSC,"
	Advertisement and Exam Calendar for GPSC and UPSC
",Year Range,2018-19,2025-11-17 05:35:44.471485,https://gpsc.gujarat.gov.in/ExamCalendarforUPSC,exam
https://gpsc.gujarat.gov.in/ExamCalendarforUPSC,"
	Advertisement and Exam Calendar for GPSC and UPSC
",Date,19.01.2017,2025-11-17 05:35:44.469543,https://gpsc.gujarat.gov.in/ExamCalendarforUPSC,exam
https://gpsc.gujarat.gov.in/ExamCalendarforUPSC,"
	Advertisement and Exam Calendar for GPSC and UPSC
",Year Range,2017-18,2025-11-17 05:35:44.467433,https://gpsc.gujarat.gov.in/ExamCalendarforUPSC,exam
https://gpsc.gujarat.gov.in/ExamCalendarforUPSC,"
	Advertisement and Exam Calendar for GPSC and UPSC
",Year Range,2017-10,2025-11-17 05:35:44.465344,https://gpsc.gujarat.gov.in/ExamCalendarforUPSC,exam
https://gpsc.gujarat.gov.in/ExamCalendarforUPSC,"
	Advertisement and Exam Calendar for GPSC and UPSC
",Date,19.04.2016,2025-11-17 05:35:44.462909,https://gpsc.gujarat.gov.in/ExamCalendarforUPSC,exam
https://gpsc.gujarat.gov.in/ExamCalendarforUPSC,"
	Advertisement and Exam Calendar for GPSC and UPSC
",Year Range,2016-17,2025-11-17 05:35:44.456832,https://gpsc.gujarat.gov.in/ExamCalendarforUPSC,exam
https://gpsc.gujarat.gov.in/ExamCalendarforUPSC,"
	Advertisement and Exam Calendar for GPSC and UPSC
",Year Range,2017-10,2025-11-17 05:35:44.45335,https://gpsc.gujarat.gov.in/ExamCalendarforUPSC,exam
https://gpsc.gujarat.gov.in/ExamCalendarforUPSC,"
	Advertisement and Exam Calendar for GPSC and UPSC
",Date,01.04.2016,2025-11-17 05:35:44.450864,https://gpsc.gujarat.gov.in/ExamCalendarforUPSC,exam
https://gpsc.gujarat.gov.in/ExamCalendarforUPSC,"
	Advertisement and Exam Calendar for GPSC and UPSC
",Year Range,2016-17,2025-11-17 05:35:44.448297,https://gpsc.gujarat.gov.in/ExamCalendarforUPSC,exam
https://upsc.gov.in/examinations/active-exams,Active Examinations | UPSC,Exam,"*   Civil Services (Main) Examination, 2024",2025-11-17 05:32:28.197384,https://upsc.gov.in/examinations/active-exams,examination
https://upsc.gov.in/examinations/active-exams,Active Examinations | UPSC,Exam,"*   Combined Geo-Scientist (Preliminary) Examination, 2025",2025-11-17 05:32:28.19618,https://upsc.gov.in/examinations/active-exams,examination
https://upsc.gov.in/examinations/active-exams,Active Examinations | UPSC,Exam,"*   Engineering Services (Preliminary) Examination, 2025",2025-11-17 05:32:28.194871,https://upsc.gov.in/examinations/active-exams,examination
https://upsc.gov.in/examinations/active-exams,Active Examinations | UPSC,Exam,*   CISF AC(EXE) LDCE-2025,2025-11-17 05:32:28.193151,https://upsc.gov.in/examinations/active-exams,examination
https://upsc.gov.in/examinations/active-exams,Active Examinations | UPSC,Exam,"*   Combined Defence Services Examination (I), 2025",2025-11-17 05:32:28.190149,https://upsc.gov.in/examinations/active-exams,examination
https://upsc.gov.in/examinations/active-exams,Active Examinations | UPSC,Exam,"*   National Defence Academy and Naval Academy Examination (I), 2025",2025-11-17 05:32:28.187629,https://upsc.gov.in/examinations/active-exams,examination
https://upsc.gov.in/examinations/active-exams,Active Examinations | UPSC,Exam,"*   Civil Services (Preliminary) Examination, 2025",2025-11-17 05:32:28.186076,https://upsc.gov.in/examinations/active-exams,examination
https://upsc.gov.in/examinations/active-exams,Active Examinations | UPSC,Exam,"*   Indian Forest Service (Preliminary) Examination, 2025 through CS(P) Examination 2025",2025-11-17 05:32:28.184719,https://upsc.gov.in/examinations/active-exams,examination
https://upsc.gov.in/examinations/active-exams,Active Examinations | UPSC,Exam,"*   Indian Economic Service - Indian Statistical Service Examination, 2025",2025-11-17 05:32:28.183334,https://upsc.gov.in/examinations/active-exams,examination
https://upsc.gov.in/examinations/active-exams,Active Examinations | UPSC,Exam,"*   Combined Medical Services Examination, 2025",2025-11-17 05:32:28.181954,https://upsc.gov.in/examinations/active-exams,examination
https://upsc.gov.in/examinations/active-exams,Active Examinations | UPSC,Exam,"*   Central Armed Police Forces (ACs) Examination, 2025",2025-11-17 05:32:28.180565,https://upsc.gov.in/examinations/active-exams,examination
https://upsc.gov.in/examinations/active-exams,Active Examinations | UPSC,Exam,"*   Combined Geo-Scientist (Main) Examination, 2025",2025-11-17 05:32:28.17916,https://upsc.gov.in/examinations/active-exams,examination
https://upsc.gov.in/examinations/active-exams,Active Examinations | UPSC,Exam,"*   Indian Economic Service Examination, 2025",2025-11-17 05:32:28.177723,https://upsc.gov.in/examinations/active-exams,examination
https://upsc.gov.in/examinations/active-exams,Active Examinations | UPSC,Exam,"*   Indian Statistical Service Examination, 2025",2025-11-17 05:32:28.176225,https://upsc.gov.in/examinations/active-exams,examination
https://upsc.gov.in/examinations/active-exams,Active Examinations | UPSC,Exam,"*   Combined Defence Services Examination (II), 2025",2025-11-17 05:32:28.174554,https://upsc.gov.in/examinations/active-exams,examination
https://upsc.gov.in/examinations/active-exams,Active Examinations | UPSC,Exam,"*   National Defence Academy and Naval Academy Examination (II), 2025",2025-11-17 05:32:28.172882,https://upsc.gov.in/examinations/active-exams,examination
https://upsc.gov.in/examinations/active-exams,Active Examinations | UPSC,Exam,"*   Engineering Services (Main) Examination, 2025",2025-11-17 05:32:28.171254,https://upsc.gov.in/examinations/active-exams,examination
https://upsc.gov.in/examinations/active-exams,Active Examinations | UPSC,Exam,"*   Civil Services (Main) Examination, 2025",2025-11-17 05:32:28.169863,https://upsc.gov.in/examinations/active-exams,examination
https://upsc.gov.in/examinations/active-exams,Active Examinations | UPSC,Exam,"*   Indian Forest Service (Main) Examination, 2025",2025-11-17 05:32:28.16846,https://upsc.gov.in/examinations/active-exams,examination
https://upsc.gov.in/examinations/active-exams,Active Examinations | UPSC,Exam,"*   Combined Geo-Scientist (Preliminary) Examination, 2026",2025-11-17 05:32:28.166986,https://upsc.gov.in/examinations/active-exams,examination
https://upsc.gov.in/examinations/active-exams,Active Examinations | UPSC,Exam,"*   Combined Section Officers' (Grade 'B') LDCE-2025 and Combined Stenographers' (Grade 'B'-Grade-'I') LDCE-2019, 2020 & 2021",2025-11-17 05:32:28.165513,https://upsc.gov.in/examinations/active-exams,examination
https://upsc.gov.in/examinations/active-exams,Active Examinations | UPSC,Exam,"*   Engineering Services (Preliminary) Examination, 2026",2025-11-17 05:32:28.163724,https://upsc.gov.in/examinations/active-exams,examination
https://upsc.gov.in/examinations/active-exams,Active Examinations | UPSC,Exam,"*   Civil Services (Main) Examination, 2024",2025-11-17 05:31:59.231886,https://upsc.gov.in/examinations/active-exams,examination
https://upsc.gov.in/examinations/active-exams,Active Examinations | UPSC,Exam,"*   Combined Geo-Scientist (Preliminary) Examination, 2025",2025-11-17 05:31:59.230281,https://upsc.gov.in/examinations/active-exams,examination
https://upsc.gov.in/examinations/active-exams,Active Examinations | UPSC,Exam,"*   Engineering Services (Preliminary) Examination, 2025",2025-11-17 05:31:59.226924,https://upsc.gov.in/examinations/active-exams,examination
https://upsc.gov.in/examinations/active-exams,Active Examinations | UPSC,Exam,*   CISF AC(EXE) LDCE-2025,2025-11-17 05:31:59.223672,https://upsc.gov.in/examinations/active-exams,examination
https://upsc.gov.in/examinations/active-exams,Active Examinations | UPSC,Exam,"*   Combined Defence Services Examination (I), 2025",2025-11-17 05:31:59.22112,https://upsc.gov.in/examinations/active-exams,examination
https://upsc.gov.in/examinations/active-exams,Active Examinations | UPSC,Exam,"*   National Defence Academy and Naval Academy Examination (I), 2025",2025-11-17 05:31:59.219486,https://upsc.gov.in/examinations/active-exams,examination
https://upsc.gov.in/examinations/active-exams,Active Examinations | UPSC,Exam,"*   Civil Services (Preliminary) Examination, 2025",2025-11-17 05:31:59.217804,https://upsc.gov.in/examinations/active-exams,examination
https://upsc.gov.in/examinations/active-exams,Active Examinations | UPSC,Exam,"*   Indian Forest Service (Preliminary) Examination, 2025 through CS(P) Examination 2025",2025-11-17 05:31:59.216138,https://upsc.gov.in/examinations/active-exams,examination
https://upsc.gov.in/examinations/active-exams,Active Examinations | UPSC,Exam,"*   Indian Economic Service - Indian Statistical Service Examination, 2025",2025-11-17 05:31:59.21456,https://upsc.gov.in/examinations/active-exams,examination
https://upsc.gov.in/examinations/active-exams,Active Examinations | UPSC,Exam,"*   Combined Medical Services Examination, 2025",2025-11-17 05:31:59.212416,https://upsc.gov.in/examinations/active-exams,examination
https://upsc.gov.in/examinations/active-exams,Active Examinations | UPSC,Exam,"*   Central Armed Police Forces (ACs) Examination, 2025",2025-11-17 05:31:59.208948,https://upsc.gov.in/examinations/active-exams,examination
https://upsc.gov.in/examinations/active-exams,Active Examinations | UPSC,Exam,"*   Combined Geo-Scientist (Main) Examination, 2025",2025-11-17 05:31:59.206092,https://upsc.gov.in/examinations/active-exams,examination
https://upsc.gov.in/examinations/active-exams,Active Examinations | UPSC,Exam,"*   Indian Economic Service Examination, 2025",2025-11-17 05:31:59.204214,https://upsc.gov.in/examinations/active-exams,examination
https://upsc.gov.in/examinations/active-exams,Active Examinations | UPSC,Exam,"*   Indian Statistical Service Examination, 2025",2025-11-17 05:31:59.202702,https://upsc.gov.in/examinations/active-exams,examination
https://upsc.gov.in/examinations/active-exams,Active Examinations | UPSC,Exam,"*   Combined Defence Services Examination (II), 2025",2025-11-17 05:31:59.201178,https://upsc.gov.in/examinations/active-exams,examination
https://upsc.gov.in/examinations/active-exams,Active Examinations | UPSC,Exam,"*   National Defence Academy and Naval Academy Examination (II), 2025",2025-11-17 05:31:59.199518,https://upsc.gov.in/examinations/active-exams,examination
https://upsc.gov.in/examinations/active-exams,Active Examinations | UPSC,Exam,"*   Engineering Services (Main) Examination, 2025",2025-11-17 05:31:59.197445,https://upsc.gov.in/examinations/active-exams,examination
https://upsc.gov.in/examinations/active-exams,Active Examinations | UPSC,Exam,"*   Civil Services (Main) Examination, 2025",2025-11-17 05:31:59.193281,https://upsc.gov.in/examinations/active-exams,examination
https://upsc.gov.in/examinations/active-exams,Active Examinations | UPSC,Exam,"*   Indian Forest Service (Main) Examination, 2025",2025-11-17 05:31:59.188729,https://upsc.gov.in/examinations/active-exams,examination
https://upsc.gov.in/examinations/active-exams,Active Examinations | UPSC,Exam,"*   Combined Geo-Scientist (Preliminary) Examination, 2026",2025-11-17 05:31:59.186138,https://upsc.gov.in/examinations/active-exams,examination
https://upsc.gov.in/examinations/active-exams,Active Examinations | UPSC,Exam,"*   Combined Section Officers' (Grade 'B') LDCE-2025 and Combined Stenographers' (Grade 'B'-Grade-'I') LDCE-2019, 2020 & 2021",2025-11-17 05:31:59.183306,https://upsc.gov.in/examinations/active-exams,examination
https://upsc.gov.in/examinations/active-exams,Active Examinations | UPSC,Exam,"*   Engineering Services (Preliminary) Examination, 2026",2025-11-17 05:31:59.161244,https://upsc.gov.in/examinations/active-exams,examination
